Source Row(s),Catering Category,Catering Type,Primary Search Intent,Generated URL
1,Wedding & Marriage,Wedding Catering,Wedding catering services,services/wedding-catering-in-vellore.html
2,Wedding & Marriage,Reception Catering,Reception catering services,services/reception-catering-in-vellore.html
3,Wedding & Marriage,Engagement Catering,Engagement catering services,services/engagement-catering-in-vellore.html
4,Wedding & Marriage,Nichayathartham Catering,Nichayathartham catering services,services/nichayathartham-catering-in-vellore.html
5,Wedding & Marriage,Mehendi Catering,Mehendi catering services,services/mehendi-catering-in-vellore.html
6,Wedding & Marriage,Sangeet Catering,Sangeet catering services,services/sangeet-catering-in-vellore.html
7,Wedding & Marriage,Haldi Catering,Haldi catering services,services/haldi-catering-in-vellore.html
8,Wedding & Marriage,Bridal Shower Catering,Bridal Shower catering services,services/bridal-shower-catering-in-vellore.html
9,Wedding & Marriage,Groom/Bridal Welcome Catering,Groom/Bridal Welcome catering services,services/groom-bridal-welcome-catering-in-vellore.html
"10, 186",Wedding & Marriage | Travel & Venue,Marriage Hall Catering,Marriage Hall catering services,services/marriage-hall-catering-in-vellore.html
11,Wedding & Marriage,Destination Wedding Catering,Destination Wedding catering services,services/destination-wedding-catering-in-vellore.html
12,Wedding & Marriage,Pre-Wedding Function Catering,Pre-Wedding Function catering services,services/pre-wedding-function-catering-in-vellore.html
13,Wedding & Marriage,Post-Wedding Catering,Post-Wedding catering services,services/post-wedding-catering-in-vellore.html
14,Religious & Traditional,Seemandham Catering,Seemandham catering services,services/seemandham-catering-in-vellore.html
15,Religious & Traditional,Valaikappu Catering,Valaikappu catering services,services/valaikappu-catering-in-vellore.html
16,Religious & Traditional,Punyavachanam Catering,Punyavachanam catering services,services/punyavachanam-catering-in-vellore.html
17,Religious & Traditional,Naming Ceremony Catering,Naming Ceremony catering services,services/naming-ceremony-catering-in-vellore.html
18,Religious & Traditional,Annaprasana Catering,Annaprasana catering services,services/annaprasana-catering-in-vellore.html
19,Religious & Traditional,Ayush Homam Catering,Ayush Homam catering services,services/ayush-homam-catering-in-vellore.html
20,Religious & Traditional,Sashtiapthapoorthi Catering,Sashtiapthapoorthi catering services,services/sashtiapthapoorthi-catering-in-vellore.html
21,Religious & Traditional,Sathabhishekam Catering,Sathabhishekam catering services,services/sathabhishekam-catering-in-vellore.html
22,Religious & Traditional,Upanayanam Catering,Upanayanam catering services,services/upanayanam-catering-in-vellore.html
23,Religious & Traditional,Gruhapravesam Catering,Gruhapravesam catering services,services/gruhapravesam-catering-in-vellore.html
24,Religious & Traditional,Pooja Catering,Pooja catering services,services/pooja-catering-in-vellore.html
25,Religious & Traditional,Homam/Havan Catering,Homam/Havan catering services,services/homam-havan-catering-in-vellore.html
26,Religious & Traditional,Temple Function Catering,Temple Function catering services,services/temple-function-catering-in-vellore.html
27,Religious & Traditional,Kumbabhishekam Catering,Kumbabhishekam catering services,services/kumbabhishekam-catering-in-vellore.html
28,Religious & Traditional,Prasadam Catering,Prasadam catering services,services/prasadam-catering-in-vellore.html
29,Religious & Traditional,Annadhanam Catering,Annadhanam catering services,services/annadhanam-catering-in-vellore.html
30,Religious & Traditional,Vratham Catering,Vratham catering services,services/vratham-catering-in-vellore.html
31,Religious & Traditional,Shradh/Annual Ceremony Catering,Shradh/Annual Ceremony catering services,services/shradh-annual-ceremony-catering-in-vellore.html
32,Religious & Traditional,Obsequies/Funeral Catering,Obsequies/Funeral catering services,services/obsequies-funeral-catering-in-vellore.html
33,Birthday & Family,Birthday Party Catering,Birthday Party catering services,services/birthday-party-catering-in-vellore.html
34,Birthday & Family,First Birthday Catering,First Birthday catering services,services/first-birthday-catering-in-vellore.html
35,Birthday & Family,Kids Party Catering,Kids Party catering services,services/kids-party-catering-in-vellore.html
36,Birthday & Family,Milestone Birthday Catering,Milestone Birthday catering services,services/milestone-birthday-catering-in-vellore.html
37,Birthday & Family,Surprise Party Catering,Surprise Party catering services,services/surprise-party-catering-in-vellore.html
38,Birthday & Family,Anniversary Catering,Anniversary catering services,services/anniversary-catering-in-vellore.html
39,Birthday & Family,Family Get-Together Catering,Family Get-Together catering services,services/family-get-together-catering-in-vellore.html
40,Birthday & Family,House Party Catering,House Party catering services,services/house-party-catering-in-vellore.html
41,Birthday & Family,Baby Shower Catering,Baby Shower catering services,services/baby-shower-catering-in-vellore.html
42,Birthday & Family,Cradle Ceremony Catering,Cradle Ceremony catering services,services/cradle-ceremony-catering-in-vellore.html
43,Corporate & Business,Corporate Catering,Corporate catering services,services/corporate-catering-in-vellore.html
44,Corporate & Business,Office Lunch Catering,Office Lunch catering services,services/office-lunch-catering-in-vellore.html
45,Corporate & Business,Corporate Breakfast Catering,Corporate Breakfast catering services,services/corporate-breakfast-catering-in-vellore.html
46,Corporate & Business,Corporate Dinner Catering,Corporate Dinner catering services,services/corporate-dinner-catering-in-vellore.html
47,Corporate & Business,Corporate Buffet Catering,Corporate Buffet catering services,services/corporate-buffet-catering-in-vellore.html
48,Corporate & Business,Business Meeting Catering,Business Meeting catering services,services/business-meeting-catering-in-vellore.html
49,Corporate & Business,Conference Catering,Conference catering services,services/conference-catering-in-vellore.html
50,Corporate & Business,Seminar Catering,Seminar catering services,services/seminar-catering-in-vellore.html
51,Corporate & Business,Workshop Catering,Workshop catering services,services/workshop-catering-in-vellore.html
52,Corporate & Business,Training Program Catering,Training Program catering services,services/training-program-catering-in-vellore.html
53,Corporate & Business,Product Launch Catering,Product Launch catering services,services/product-launch-catering-in-vellore.html
54,Corporate & Business,Dealer Meet Catering,Dealer Meet catering services,services/dealer-meet-catering-in-vellore.html
55,Corporate & Business,Annual Day Catering,Annual Day catering services,services/annual-day-catering-in-vellore.html
56,Corporate & Business,AGM Catering,AGM catering services,services/agm-catering-in-vellore.html
57,Corporate & Business,Award Function Catering,Award Function catering services,services/award-function-catering-in-vellore.html
58,Corporate & Business,Team Outing Catering,Team Outing catering services,services/team-outing-catering-in-vellore.html
59,Corporate & Business,Employee Meal Catering,Employee Meal catering services,services/employee-meal-catering-in-vellore.html
60,Corporate & Business,Industrial Canteen Catering,Industrial Canteen catering services,services/industrial-canteen-catering-in-vellore.html
61,Corporate & Business,Contract Catering,Contract catering services,services/contract-catering-in-vellore.html
62,Corporate & Business,Corporate Pantry Catering,Corporate Pantry catering services,services/corporate-pantry-catering-in-vellore.html
63,Education,School Catering,School catering services,services/school-catering-in-vellore.html
64,Education,College Catering,College catering services,services/college-catering-in-vellore.html
65,Education,University Catering,University catering services,services/university-catering-in-vellore.html
66,Education,Student Hostel Catering,Student Hostel catering services,services/student-hostel-catering-in-vellore.html
67,Education,School Annual Day Catering,School Annual Day catering services,services/school-annual-day-catering-in-vellore.html
68,Education,College Fest Catering,College Fest catering services,services/college-fest-catering-in-vellore.html
69,Education,Convocation Catering,Convocation catering services,services/convocation-catering-in-vellore.html
70,Education,School/College Sports Day Catering,School/College Sports Day catering services,services/school-college-sports-day-catering-in-vellore.html
71,Education,Parent-Teacher Meeting Catering,Parent-Teacher Meeting catering services,services/parent-teacher-meeting-catering-in-vellore.html
72,Events & Entertainment,Event Catering,Event catering services,services/event-catering-in-vellore.html
73,Events & Entertainment,Exhibition Catering,Exhibition catering services,services/exhibition-catering-in-vellore.html
74,Events & Entertainment,Trade Show Catering,Trade Show catering services,services/trade-show-catering-in-vellore.html
75,Events & Entertainment,Festival Catering,Festival catering services,services/festival-catering-in-vellore.html
76,Events & Entertainment,Concert Catering,Concert catering services,services/concert-catering-in-vellore.html
77,Events & Entertainment,Award Show Catering,Award Show catering services,services/award-show-catering-in-vellore.html
78,Events & Entertainment,Fashion Show Catering,Fashion Show catering services,services/fashion-show-catering-in-vellore.html
79,Events & Entertainment,Film/TV Shoot Catering,Film/TV Shoot catering services,services/film-tv-shoot-catering-in-vellore.html
80,Events & Entertainment,Backstage Catering,Backstage catering services,services/backstage-catering-in-vellore.html
81,Events & Entertainment,VIP Catering,VIP catering services,services/vip-catering-in-vellore.html
82,Events & Entertainment,Celebrity Event Catering,Celebrity Event catering services,services/celebrity-event-catering-in-vellore.html
83,Events & Entertainment,Press Meet Catering,Press Meet catering services,services/press-meet-catering-in-vellore.html
84,Events & Entertainment,Political/Event Hospitality Catering,Political/Event Hospitality catering services,services/political-event-hospitality-catering-in-vellore.html
85,Events & Entertainment,Sports Event Catering,Sports Event catering services,services/sports-event-catering-in-vellore.html
86,Events & Entertainment,Stadium/Event Venue Catering,Stadium/Event Venue catering services,services/stadium-event-venue-catering-in-vellore.html
87,Social & Community,Community Function Catering,Community Function catering services,services/community-function-catering-in-vellore.html
88,Social & Community,Apartment Association Catering,Apartment Association catering services,services/apartment-association-catering-in-vellore.html
89,Social & Community,Residents Association Catering,Residents Association catering services,services/residents-association-catering-in-vellore.html
90,Social & Community,Club Function Catering,Club Function catering services,services/club-function-catering-in-vellore.html
91,Social & Community,NGO Event Catering,NGO Event catering services,services/ngo-event-catering-in-vellore.html
92,Social & Community,Charity Event Catering,Charity Event catering services,services/charity-event-catering-in-vellore.html
93,Social & Community,Fundraiser Catering,Fundraiser catering services,services/fundraiser-catering-in-vellore.html
94,Social & Community,Political Meeting Catering,Political Meeting catering services,services/political-meeting-catering-in-vellore.html
95,Social & Community,Public Function Catering,Public Function catering services,services/public-function-catering-in-vellore.html
96,Social & Community,Government Function Catering,Government Function catering services,services/government-function-catering-in-vellore.html
97,Healthcare & Institutional,Hospital Catering,Hospital catering services,services/hospital-catering-in-vellore.html
98,Healthcare & Institutional,Patient Meal Catering,Patient Meal catering services,services/patient-meal-catering-in-vellore.html
99,Healthcare & Institutional,Hospital Staff Catering,Hospital Staff catering services,services/hospital-staff-catering-in-vellore.html
100,Healthcare & Institutional,Healthcare Conference Catering,Healthcare Conference catering services,services/healthcare-conference-catering-in-vellore.html
101,Healthcare & Institutional,Retirement Home Catering,Retirement Home catering services,services/retirement-home-catering-in-vellore.html
102,Healthcare & Institutional,Hostel Catering,Hostel catering services,services/hostel-catering-in-vellore.html
103,Healthcare & Institutional,Institutional Catering,Institutional catering services,services/institutional-catering-in-vellore.html
104,Religious Festivals & Seasonal,Diwali Catering,Diwali catering services,services/diwali-catering-in-vellore.html
105,Religious Festivals & Seasonal,Pongal Catering,Pongal catering services,services/pongal-catering-in-vellore.html
106,Religious Festivals & Seasonal,Tamil New Year Catering,Tamil New Year catering services,services/tamil-new-year-catering-in-vellore.html
107,Religious Festivals & Seasonal,Christmas Catering,Christmas catering services,services/christmas-catering-in-vellore.html
108,Religious Festivals & Seasonal,Eid Catering,Eid catering services,services/eid-catering-in-vellore.html
109,Religious Festivals & Seasonal,Ramadan/Iftar Catering,Ramadan/Iftar catering services,services/ramadan-iftar-catering-in-vellore.html
110,Religious Festivals & Seasonal,Onam Catering,Onam catering services,services/onam-catering-in-vellore.html
111,Religious Festivals & Seasonal,Navratri Catering,Navratri catering services,services/navratri-catering-in-vellore.html
112,Religious Festivals & Seasonal,Ganesh Chaturthi Catering,Ganesh Chaturthi catering services,services/ganesh-chaturthi-catering-in-vellore.html
113,Religious Festivals & Seasonal,Krishna Jayanthi Catering,Krishna Jayanthi catering services,services/krishna-jayanthi-catering-in-vellore.html
114,Religious Festivals & Seasonal,Ayudha Pooja Catering,Ayudha Pooja catering services,services/ayudha-pooja-catering-in-vellore.html
115,Religious Festivals & Seasonal,Saraswati Pooja Catering,Saraswati Pooja catering services,services/saraswati-pooja-catering-in-vellore.html
116,Religious Festivals & Seasonal,Ram Navami Catering,Ram Navami catering services,services/ram-navami-catering-in-vellore.html
117,Religious Festivals & Seasonal,Janmashtami Catering,Janmashtami catering services,services/janmashtami-catering-in-vellore.html
118,Food Service Formats,Buffet Catering,Buffet catering services,services/buffet-catering-in-vellore.html
119,Food Service Formats,Banana Leaf Catering,Banana Leaf catering services,services/banana-leaf-catering-in-vellore.html
120,Food Service Formats,Plated Catering,Plated catering services,services/plated-catering-in-vellore.html
121,Food Service Formats,Sit-Down Catering,Sit-Down catering services,services/sit-down-catering-in-vellore.html
122,Food Service Formats,Full-Service Catering,Full-Service catering services,services/full-service-catering-in-vellore.html
123,Food Service Formats,Drop-Off Catering,Drop-Off catering services,services/drop-off-catering-in-vellore.html
124,Food Service Formats,Delivery Catering,Delivery catering services,services/delivery-catering-in-vellore.html
125,Food Service Formats,Live Counter Catering,Live Counter catering services,services/live-counter-catering-in-vellore.html
126,Food Service Formats,Food Stall Catering,Food Stall catering services,services/food-stall-catering-in-vellore.html
127,Food Service Formats,Food Truck Catering,Food Truck catering services,services/food-truck-catering-in-vellore.html
128,Food Service Formats,Outdoor Catering,Outdoor catering services,services/outdoor-catering-in-vellore.html
129,Food Service Formats,Indoor Catering,Indoor catering services,services/indoor-catering-in-vellore.html
130,Food Service Formats,On-Site Cooking Catering,On-Site Cooking catering services,services/on-site-cooking-catering-in-vellore.html
131,Food Service Formats,Central Kitchen Catering,Central Kitchen catering services,services/central-kitchen-catering-in-vellore.html
132,Food Service Formats,Bulk Catering,Bulk catering services,services/bulk-catering-in-vellore.html
133,Food Service Formats,Mass Catering,Mass catering services,services/mass-catering-in-vellore.html
134,Food Service Formats,Packaged Meal Catering,Packaged Meal catering services,services/packaged-meal-catering-in-vellore.html
135,Food Service Formats,Box Meal Catering,Box Meal catering services,services/box-meal-catering-in-vellore.html
136,Food Service Formats,Thali Catering,Thali catering services,services/thali-catering-in-vellore.html
137,Food Service Formats,Mini Meal Catering,Mini Meal catering services,services/mini-meal-catering-in-vellore.html
138,Food Service Formats,Tea & Snack Catering,Tea & Snack catering services,services/tea-and-snack-catering-in-vellore.html
139,Food Service Formats,High Tea Catering,High Tea catering services,services/high-tea-catering-in-vellore.html
140,Food Service Formats,Coffee Break Catering,Coffee Break catering services,services/coffee-break-catering-in-vellore.html
141,Food Service Formats,Cocktail/Canape Catering,Cocktail/Canape catering services,services/cocktail-canape-catering-in-vellore.html
142,Food Service Formats,Dessert Catering,Dessert catering services,services/dessert-catering-in-vellore.html
143,Food Service Formats,Beverage Catering,Beverage catering services,services/beverage-catering-in-vellore.html
144,Cuisine-Based,South Indian Catering,South Indian catering services,services/south-indian-catering-in-vellore.html
145,Cuisine-Based,Tamil Cuisine Catering,Tamil Cuisine catering services,services/tamil-cuisine-catering-in-vellore.html
146,Cuisine-Based,Chettinad Catering,Chettinad catering services,services/chettinad-catering-in-vellore.html
147,Cuisine-Based,Brahmin/Sattvic Catering,Brahmin/Sattvic catering services,services/brahmin-sattvic-catering-in-vellore.html
148,Cuisine-Based,Andhra Catering,Andhra catering services,services/andhra-catering-in-vellore.html
149,Cuisine-Based,Telugu Catering,Telugu catering services,services/telugu-catering-in-vellore.html
150,Cuisine-Based,Kerala Catering,Kerala catering services,services/kerala-catering-in-vellore.html
151,Cuisine-Based,Karnataka Catering,Karnataka catering services,services/karnataka-catering-in-vellore.html
152,Cuisine-Based,North Indian Catering,North Indian catering services,services/north-indian-catering-in-vellore.html
153,Cuisine-Based,Punjabi Catering,Punjabi catering services,services/punjabi-catering-in-vellore.html
154,Cuisine-Based,Gujarati Catering,Gujarati catering services,services/gujarati-catering-in-vellore.html
155,Cuisine-Based,Rajasthani Catering,Rajasthani catering services,services/rajasthani-catering-in-vellore.html
156,Cuisine-Based,Bengali Catering,Bengali catering services,services/bengali-catering-in-vellore.html
157,Cuisine-Based,Maharashtrian Catering,Maharashtrian catering services,services/maharashtrian-catering-in-vellore.html
158,Cuisine-Based,Jain Catering,Jain catering services,services/jain-catering-in-vellore.html
159,Cuisine-Based,Vegetarian Catering,Vegetarian catering services,services/vegetarian-catering-in-vellore.html
160,Cuisine-Based,Pure Veg Catering,Pure Veg catering services,services/pure-veg-catering-in-vellore.html
161,Cuisine-Based,Non-Vegetarian Catering,Non-Vegetarian catering services,services/non-vegetarian-catering-in-vellore.html
162,Cuisine-Based,Multi-Cuisine Catering,Multi-Cuisine catering services,services/multi-cuisine-catering-in-vellore.html
163,Cuisine-Based,Continental Catering,Continental catering services,services/continental-catering-in-vellore.html
164,Cuisine-Based,Chinese/Indo-Chinese Catering,Chinese/Indo-Chinese catering services,services/chinese-indo-chinese-catering-in-vellore.html
165,Cuisine-Based,Asian Catering,Asian catering services,services/asian-catering-in-vellore.html
166,Cuisine-Based,Italian Catering,Italian catering services,services/italian-catering-in-vellore.html
167,Cuisine-Based,Mediterranean Catering,Mediterranean catering services,services/mediterranean-catering-in-vellore.html
168,Cuisine-Based,International Catering,International catering services,services/international-catering-in-vellore.html
169,Cuisine-Based,Fusion Catering,Fusion catering services,services/fusion-catering-in-vellore.html
170,Specialized & Dietary,Jain Food Catering,Jain Food catering services,services/jain-food-catering-in-vellore.html
171,Specialized & Dietary,Vegan Catering,Vegan catering services,services/vegan-catering-in-vellore.html
172,Specialized & Dietary,Gluten-Free Catering,Gluten-Free catering services,services/gluten-free-catering-in-vellore.html
173,Specialized & Dietary,Allergy-Aware Catering,Allergy-Aware catering services,services/allergy-aware-catering-in-vellore.html
174,Specialized & Dietary,Healthy Catering,Healthy catering services,services/healthy-catering-in-vellore.html
175,Specialized & Dietary,Diet Catering,Diet catering services,services/diet-catering-in-vellore.html
176,Specialized & Dietary,Low-Calorie Catering,Low-Calorie catering services,services/low-calorie-catering-in-vellore.html
177,Specialized & Dietary,Satvik Catering,Satvik catering services,services/satvik-catering-in-vellore.html
178,Specialized & Dietary,Ayurvedic Catering,Ayurvedic catering services,services/ayurvedic-catering-in-vellore.html
179,Specialized & Dietary,Kids Menu Catering,Kids Menu catering services,services/kids-menu-catering-in-vellore.html
180,Specialized & Dietary,Senior-Friendly Catering,Senior-Friendly catering services,services/senior-friendly-catering-in-vellore.html
181,Specialized & Dietary,Kosher Catering,Kosher catering services,services/kosher-catering-in-vellore.html
182,Specialized & Dietary,Halal Catering,Halal catering services,services/halal-catering-in-vellore.html
183,Travel & Venue,Hotel Catering,Hotel catering services,services/hotel-catering-in-vellore.html
184,Travel & Venue,Resort Catering,Resort catering services,services/resort-catering-in-vellore.html
185,Travel & Venue,Banquet Catering,Banquet catering services,services/banquet-catering-in-vellore.html
187,Travel & Venue,Convention Centre Catering,Convention Centre catering services,services/convention-centre-catering-in-vellore.html
188,Travel & Venue,Beach Wedding Catering,Beach Wedding catering services,services/beach-wedding-catering-in-vellore.html
189,Travel & Venue,Farmhouse Catering,Farmhouse catering services,services/farmhouse-catering-in-vellore.html
190,Travel & Venue,Outdoor Venue Catering,Outdoor Venue catering services,services/outdoor-venue-catering-in-vellore.html
191,Travel & Venue,Destination Event Catering,Destination Event catering services,services/destination-event-catering-in-vellore.html
192,Travel & Venue,Travel Catering,Travel catering services,services/travel-catering-in-vellore.html
193,Travel & Venue,Airport/Travel Group Catering,Airport/Travel Group catering services,services/airport-travel-group-catering-in-vellore.html
194,Religious & Spiritual,Temple Wedding Catering,Temple Wedding catering services,services/temple-wedding-catering-in-vellore.html
195,Religious & Spiritual,Temple Festival Catering,Temple Festival catering services,services/temple-festival-catering-in-vellore.html
196,Religious & Spiritual,Mutts/Ashrams Catering,Mutts/Ashrams catering services,services/mutts-ashrams-catering-in-vellore.html
197,Religious & Spiritual,Spiritual Retreat Catering,Spiritual Retreat catering services,services/spiritual-retreat-catering-in-vellore.html
198,Religious & Spiritual,Religious Conference Catering,Religious Conference catering services,services/religious-conference-catering-in-vellore.html
199,Religious & Spiritual,Community Feast Catering,Community Feast catering services,services/community-feast-catering-in-vellore.html
200,Retail & Commercial,Restaurant Catering,Restaurant catering services,services/restaurant-catering-in-vellore.html
201,Retail & Commercial,Café Catering,Café catering services,services/cafe-catering-in-vellore.html
202,Retail & Commercial,Bakery Catering,Bakery catering services,services/bakery-catering-in-vellore.html
203,Retail & Commercial,Sweet & Savoury Catering,Sweet & Savoury catering services,services/sweet-and-savoury-catering-in-vellore.html
204,Retail & Commercial,Meal Subscription Catering,Meal Subscription catering services,services/meal-subscription-catering-in-vellore.html
205,Retail & Commercial,Daily Meal Service,Daily Meal Service catering services,services/daily-meal-service-in-vellore.html
206,Retail & Commercial,Tiffin Catering,Tiffin catering services,services/tiffin-catering-in-vellore.html
207,Retail & Commercial,Mess Catering,Mess catering services,services/mess-catering-in-vellore.html
208,Retail & Commercial,Cloud Kitchen Event Catering,Cloud Kitchen Event catering services,services/cloud-kitchen-event-catering-in-vellore.html
209,Special Occasions,Housewarming Catering,Housewarming catering services,services/housewarming-catering-in-vellore.html
210,Special Occasions,Retirement Party Catering,Retirement Party catering services,services/retirement-party-catering-in-vellore.html
211,Special Occasions,Farewell Party Catering,Farewell Party catering services,services/farewell-party-catering-in-vellore.html
212,Special Occasions,Reunion Catering,Reunion catering services,services/reunion-catering-in-vellore.html
213,Special Occasions,Graduation Party Catering,Graduation Party catering services,services/graduation-party-catering-in-vellore.html
214,Special Occasions,Success Party Catering,Success Party catering services,services/success-party-catering-in-vellore.html
215,Special Occasions,Promotion Party Catering,Promotion Party catering services,services/promotion-party-catering-in-vellore.html
216,Special Occasions,Baby Welcome Catering,Baby Welcome catering services,services/baby-welcome-catering-in-vellore.html
217,Special Occasions,Naming Day Catering,Naming Day catering services,services/naming-day-catering-in-vellore.html
218,Special Occasions,Milestone Celebration Catering,Milestone Celebration catering services,services/milestone-celebration-catering-in-vellore.html
219,Special Occasions,Memorial Catering,Memorial catering services,services/memorial-catering-in-vellore.html
220,Special Occasions,Condolence Catering,Condolence catering services,services/condolence-catering-in-vellore.html
221,Special Occasions,Bereavement Meal Catering,Bereavement Meal catering services,services/bereavement-meal-catering-in-vellore.html
222,Special Occasions,Bachelor/Bachelorette Party Catering,Bachelor/Bachelorette Party catering services,services/bachelor-bachelorette-party-catering-in-vellore.html
223,Special Occasions,Cocktail Party Catering,Cocktail Party catering services,services/cocktail-party-catering-in-vellore.html
224,Special Occasions,Pool Party Catering,Pool Party catering services,services/pool-party-catering-in-vellore.html
225,Special Occasions,Garden Party Catering,Garden Party catering services,services/garden-party-catering-in-vellore.html
226,Special Occasions,Lawn Party Catering,Lawn Party catering services,services/lawn-party-catering-in-vellore.html
227,Special Occasions,New Year Party Catering,New Year Party catering services,services/new-year-party-catering-in-vellore.html
228,Special Occasions,Valentine's Day Catering,Valentine's Day catering services,services/valentine-s-day-catering-in-vellore.html
229,Special Occasions,Mother's Day Catering,Mother's Day catering services,services/mother-s-day-catering-in-vellore.html
230,Special Occasions,Father's Day Catering,Father's Day catering services,services/father-s-day-catering-in-vellore.html
231,Special Occasions,Women's Day Catering,Women's Day catering services,services/women-s-day-catering-in-vellore.html
232,Special Occasions,Children's Day Catering,Children's Day catering services,services/children-s-day-catering-in-vellore.html
233,Special Occasions,Friendship Day Catering,Friendship Day catering services,services/friendship-day-catering-in-vellore.html
234,Special Occasions,Graduation/Convocation Catering,Graduation/Convocation catering services,services/graduation-convocation-catering-in-vellore.html
235,Wedding & Marriage,Hindu Wedding catering,Wedding catering services,services/hindu-wedding-catering-in-vellore.html
236,Wedding & Marriage,Muslim Wedding Catering,Wedding catering services,services/muslim-wedding-catering-in-vellore.html
237,Wedding & Marriage,Christian Wedding Catering,Wedding catering services,services/christian-wedding-catering-in-vellore.html
