S.No,Area / Locality,Search Phrase,Region,Area Type,URL
1,Vellore,"Vellore, Vellore, Tamil Nadu",Vellore district / Vellore region,Town / Administrative area,servicing-areas/vellore-catering.html
2,Katpadi,"Katpadi, Vellore, Tamil Nadu",Vellore district / Vellore region,Town / Administrative area,servicing-areas/katpadi-catering.html
3,Sathuvachari,"Sathuvachari, Vellore, Tamil Nadu",Vellore district / Vellore region,Locality / Village,servicing-areas/sathuvachari-catering.html
4,Gandhinagar,"Gandhinagar, Vellore, Tamil Nadu",Vellore district / Vellore region,Locality / Village,servicing-areas/gandhinagar-catering.html
5,Thorapadi,"Thorapadi, Vellore, Tamil Nadu",Vellore district / Vellore region,Locality / Village,servicing-areas/thorapadi-catering.html
6,Saidapet,"Saidapet, Vellore, Tamil Nadu",Vellore district / Vellore region,Locality / Village,servicing-areas/saidapet-catering.html
7,Bagayam,"Bagayam, Vellore, Tamil Nadu",Vellore district / Vellore region,Locality / Village,servicing-areas/bagayam-catering.html
8,Vellore Fort,"Vellore Fort, Vellore, Tamil Nadu",Vellore district / Vellore region,Locality / Village,servicing-areas/vellore-fort-catering.html
9,Long Bazaar,"Long Bazaar, Vellore, Tamil Nadu",Vellore district / Vellore region,Road / Junction / Landmark,servicing-areas/long-bazaar-catering.html
10,Officers Line,"Officers Line, Vellore, Tamil Nadu",Vellore district / Vellore region,Locality / Village,servicing-areas/officers-line-catering.html
11,Shenbakkam,"Shenbakkam, Vellore, Tamil Nadu",Vellore district / Vellore region,Locality / Village,servicing-areas/shenbakkam-catering.html
12,Konavattam,"Konavattam, Vellore, Tamil Nadu",Vellore district / Vellore region,Locality / Village,servicing-areas/konavattam-catering.html
13,Adukkamparai,"Adukkamparai, Vellore, Tamil Nadu",Vellore district / Vellore region,Locality / Village,servicing-areas/adukkamparai-catering.html
14,Ariyur,"Ariyur, Vellore, Tamil Nadu",Vellore district / Vellore region,Locality / Village,servicing-areas/ariyur-catering.html
15,Pennathur,"Pennathur, Vellore, Tamil Nadu",Vellore district / Vellore region,Locality / Village,servicing-areas/pennathur-catering.html
16,Pallikonda,"Pallikonda, Vellore, Tamil Nadu",Vellore district / Vellore region,Locality / Village,servicing-areas/pallikonda-catering.html
17,Anaikattu,"Anaikattu, Vellore, Tamil Nadu",Vellore district / Vellore region,Locality / Village,servicing-areas/anaikattu-catering.html
18,Odugathur,"Odugathur, Vellore, Tamil Nadu",Vellore district / Vellore region,Locality / Village,servicing-areas/odugathur-catering.html
19,Virinjipuram,"Virinjipuram, Vellore, Tamil Nadu",Vellore district / Vellore region,Locality / Village,servicing-areas/virinjipuram-catering.html
20,Poigai,"Poigai, Vellore, Tamil Nadu",Vellore district / Vellore region,Locality / Village,servicing-areas/poigai-catering.html
21,Sathiyamangalam,"Sathiyamangalam, Vellore, Tamil Nadu",Vellore district / Vellore region,Locality / Village,servicing-areas/sathiyamangalam-catering.html
22,Seduvalai,"Seduvalai, Vellore, Tamil Nadu",Vellore district / Vellore region,Locality / Village,servicing-areas/seduvalai-catering.html
23,Thellur,"Thellur, Vellore, Tamil Nadu",Vellore district / Vellore region,Locality / Village,servicing-areas/thellur-catering.html
24,Abdullapuram,"Abdullapuram, Vellore, Tamil Nadu",Vellore district / Vellore region,Locality / Village,servicing-areas/abdullapuram-catering.html
25,Melmanavur,"Melmanavur, Vellore, Tamil Nadu",Vellore district / Vellore region,Locality / Village,servicing-areas/melmanavur-catering.html
26,Kilmanavur,"Kilmanavur, Vellore, Tamil Nadu",Vellore district / Vellore region,Locality / Village,servicing-areas/kilmanavur-catering.html
27,Sadupperi,"Sadupperi, Vellore, Tamil Nadu",Vellore district / Vellore region,Locality / Village,servicing-areas/sadupperi-catering.html
28,Sembedu,"Sembedu, Vellore, Tamil Nadu",Vellore district / Vellore region,Locality / Village,servicing-areas/sembedu-catering.html
29,Elavambadi,"Elavambadi, Vellore, Tamil Nadu",Vellore district / Vellore region,Locality / Village,servicing-areas/elavambadi-catering.html
30,Anpundi,"Anpundi, Vellore, Tamil Nadu",Vellore district / Vellore region,Locality / Village,servicing-areas/anpundi-catering.html
31,Budur,"Budur, Vellore, Tamil Nadu",Vellore district / Vellore region,Locality / Village,servicing-areas/budur-catering.html
32,Genganallore,"Genganallore, Vellore, Tamil Nadu",Vellore district / Vellore region,Locality / Village,servicing-areas/genganallore-catering.html
33,Usur,"Usur, Vellore, Tamil Nadu",Vellore district / Vellore region,Locality / Village,servicing-areas/usur-catering.html
34,Athiyur,"Athiyur, Vellore, Tamil Nadu",Vellore district / Vellore region,Locality / Village,servicing-areas/athiyur-catering.html
35,Appukal,"Appukal, Vellore, Tamil Nadu",Vellore district / Vellore region,Locality / Village,servicing-areas/appukal-catering.html
36,Devichettikuppam,"Devichettikuppam, Vellore, Tamil Nadu",Vellore district / Vellore region,Locality / Village,servicing-areas/devichettikuppam-catering.html
37,Karadikudi,"Karadikudi, Vellore, Tamil Nadu",Vellore district / Vellore region,Locality / Village,servicing-areas/karadikudi-catering.html
38,Karunkali,"Karunkali, Vellore, Tamil Nadu",Vellore district / Vellore region,Locality / Village,servicing-areas/karunkali-catering.html
39,Mahammadapuram,"Mahammadapuram, Vellore, Tamil Nadu",Vellore district / Vellore region,Locality / Village,servicing-areas/mahammadapuram-catering.html
40,Ongapadi,"Ongapadi, Vellore, Tamil Nadu",Vellore district / Vellore region,Locality / Village,servicing-areas/ongapadi-catering.html
41,Alleri,"Alleri, Vellore, Tamil Nadu",Vellore district / Vellore region,Locality / Village,servicing-areas/alleri-catering.html
42,Sholavaram,"Sholavaram, Vellore, Tamil Nadu",Vellore district / Vellore region,Locality / Village,servicing-areas/sholavaram-catering.html
43,Sathapalaiyam,"Sathapalaiyam, Vellore, Tamil Nadu",Vellore district / Vellore region,Locality / Village,servicing-areas/sathapalaiyam-catering.html
44,Palampakkam,"Palampakkam, Vellore, Tamil Nadu",Vellore district / Vellore region,Locality / Village,servicing-areas/palampakkam-catering.html
45,Thuttikadu,"Thuttikadu, Vellore, Tamil Nadu",Vellore district / Vellore region,Locality / Village,servicing-areas/thuttikadu-catering.html
46,Thellai,"Thellai, Vellore, Tamil Nadu",Vellore district / Vellore region,Locality / Village,servicing-areas/thellai-catering.html
47,Elluparai,"Elluparai, Vellore, Tamil Nadu",Vellore district / Vellore region,Locality / Village,servicing-areas/elluparai-catering.html
48,Kilkothur,"Kilkothur, Vellore, Tamil Nadu",Vellore district / Vellore region,Locality / Village,servicing-areas/kilkothur-catering.html
49,Pinnanthurai,"Pinnanthurai, Vellore, Tamil Nadu",Vellore district / Vellore region,Locality / Village,servicing-areas/pinnanthurai-catering.html
50,Nemandapuram,"Nemandapuram, Vellore, Tamil Nadu",Vellore district / Vellore region,Locality / Village,servicing-areas/nemandapuram-catering.html
51,Athikuppam,"Athikuppam, Vellore, Tamil Nadu",Vellore district / Vellore region,Locality / Village,servicing-areas/athikuppam-catering.html
52,Madayapattu,"Madayapattu, Vellore, Tamil Nadu",Vellore district / Vellore region,Locality / Village,servicing-areas/madayapattu-catering.html
53,Serpadi,"Serpadi, Vellore, Tamil Nadu",Vellore district / Vellore region,Locality / Village,servicing-areas/serpadi-catering.html
54,Pudukuppam,"Pudukuppam, Vellore, Tamil Nadu",Vellore district / Vellore region,Locality / Village,servicing-areas/pudukuppam-catering.html
55,Peenjamandai,"Peenjamandai, Vellore, Tamil Nadu",Vellore district / Vellore region,Locality / Village,servicing-areas/peenjamandai-catering.html
56,Katharikuppam,"Katharikuppam, Vellore, Tamil Nadu",Vellore district / Vellore region,Locality / Village,servicing-areas/katharikuppam-catering.html
57,Gengasanikuppam,"Gengasanikuppam, Vellore, Tamil Nadu",Vellore district / Vellore region,Locality / Village,servicing-areas/gengasanikuppam-catering.html
58,Vannanthangal,"Vannanthangal, Vellore, Tamil Nadu",Vellore district / Vellore region,Locality / Village,servicing-areas/vannanthangal-catering.html
59,Melarasampattu,"Melarasampattu, Vellore, Tamil Nadu",Vellore district / Vellore region,Locality / Village,servicing-areas/melarasampattu-catering.html
60,Umayampattu,"Umayampattu, Vellore, Tamil Nadu",Vellore district / Vellore region,Locality / Village,servicing-areas/umayampattu-catering.html
61,Mullavadi,"Mullavadi, Vellore, Tamil Nadu",Vellore district / Vellore region,Locality / Village,servicing-areas/mullavadi-catering.html
62,Periyapanaparai,"Periyapanaparai, Vellore, Tamil Nadu",Vellore district / Vellore region,Locality / Village,servicing-areas/periyapanaparai-catering.html
63,Palampattu,"Palampattu, Vellore, Tamil Nadu",Vellore district / Vellore region,Locality / Village,servicing-areas/palampattu-catering.html
64,Jarthankollai,"Jarthankollai, Vellore, Tamil Nadu",Vellore district / Vellore region,Locality / Village,servicing-areas/jarthankollai-catering.html
65,Kil Arasampattu,"Kil Arasampattu, Vellore, Tamil Nadu",Vellore district / Vellore region,Locality / Village,servicing-areas/kil-arasampattu-catering.html
66,Kandaneri,"Kandaneri, Vellore, Tamil Nadu",Vellore district / Vellore region,Locality / Village,servicing-areas/kandaneri-catering.html
67,Kalanipakkam,"Kalanipakkam, Vellore, Tamil Nadu",Vellore district / Vellore region,Locality / Village,servicing-areas/kalanipakkam-catering.html
68,Okkanapuram,"Okkanapuram, Vellore, Tamil Nadu",Vellore district / Vellore region,Locality / Village,servicing-areas/okkanapuram-catering.html
69,Vasanthanadai,"Vasanthanadai, Vellore, Tamil Nadu",Vellore district / Vellore region,Locality / Village,servicing-areas/vasanthanadai-catering.html
70,Unai,"Unai, Vellore, Tamil Nadu",Vellore district / Vellore region,Locality / Village,servicing-areas/unai-catering.html
71,Kommalankuttai,"Kommalankuttai, Vellore, Tamil Nadu",Vellore district / Vellore region,Locality / Village,servicing-areas/kommalankuttai-catering.html
72,Brahmanamangalam,"Brahmanamangalam, Vellore, Tamil Nadu",Vellore district / Vellore region,Locality / Village,servicing-areas/brahmanamangalam-catering.html
73,Kilkrishnapuram,"Kilkrishnapuram, Vellore, Tamil Nadu",Vellore district / Vellore region,Locality / Village,servicing-areas/kilkrishnapuram-catering.html
74,Tippasamudram,"Tippasamudram, Vellore, Tamil Nadu",Vellore district / Vellore region,Locality / Village,servicing-areas/tippasamudram-catering.html
75,Odiyathur,"Odiyathur, Vellore, Tamil Nadu",Vellore district / Vellore region,Locality / Village,servicing-areas/odiyathur-catering.html
76,Vaniyambadi,"Vaniyambadi, Vellore, Tamil Nadu",Vellore district / Vellore region,Town / Administrative area,servicing-areas/vaniyambadi-catering.html
77,Pulimedu,"Pulimedu, Vellore, Tamil Nadu",Vellore district / Vellore region,Locality / Village,servicing-areas/pulimedu-catering.html
78,Sekkanur,"Sekkanur, Vellore, Tamil Nadu",Vellore district / Vellore region,Locality / Village,servicing-areas/sekkanur-catering.html
79,Kuppam,"Kuppam, Vellore, Tamil Nadu",Vellore & nearby,Town / Administrative area,servicing-areas/kuppam-catering.html
80,Murukkeri,"Murukkeri, Vellore, Tamil Nadu",Vellore district / Vellore region,Locality / Village,servicing-areas/murukkeri-catering.html
81,Kattuputhur,"Kattuputhur, Vellore, Tamil Nadu",Vellore district / Vellore region,Locality / Village,servicing-areas/kattuputhur-catering.html
82,Karapattu,"Karapattu, Vellore, Tamil Nadu",Vellore district / Vellore region,Locality / Village,servicing-areas/karapattu-catering.html
83,Kammiyambattu,"Kammiyambattu, Vellore, Tamil Nadu",Vellore district / Vellore region,Locality / Village,servicing-areas/kammiyambattu-catering.html
84,Kannadikuppam,"Kannadikuppam, Vellore, Tamil Nadu",Vellore district / Vellore region,Locality / Village,servicing-areas/kannadikuppam-catering.html
85,Karumbur,"Karumbur, Vellore, Tamil Nadu",Vellore district / Vellore region,Locality / Village,servicing-areas/karumbur-catering.html
86,Khadavalam,"Khadavalam, Vellore, Tamil Nadu",Vellore district / Vellore region,Locality / Village,servicing-areas/khadavalam-catering.html
87,Kilmurungai,"Kilmurungai, Vellore, Tamil Nadu",Vellore district / Vellore region,Locality / Village,servicing-areas/kilmurungai-catering.html
88,Komeswaram,"Komeswaram, Vellore, Tamil Nadu",Vellore district / Vellore region,Locality / Village,servicing-areas/komeswaram-catering.html
89,Koothambakkam,"Koothambakkam, Vellore, Tamil Nadu",Vellore district / Vellore region,Locality / Village,servicing-areas/koothambakkam-catering.html
90,Kulithigi,"Kulithigi, Vellore, Tamil Nadu",Vellore district / Vellore region,Locality / Village,servicing-areas/kulithigi-catering.html
91,Kumaramangalam,"Kumaramangalam, Vellore, Tamil Nadu",Vellore district / Vellore region,Locality / Village,servicing-areas/kumaramangalam-catering.html
92,Kuppambattu,"Kuppambattu, Vellore, Tamil Nadu",Vellore district / Vellore region,Locality / Village,servicing-areas/kuppambattu-catering.html
93,Kuppampalayam,"Kuppampalayam, Vellore, Tamil Nadu",Vellore district / Vellore region,Locality / Village,servicing-areas/kuppampalayam-catering.html
94,Labbaimankuppam,"Labbaimankuppam, Vellore, Tamil Nadu",Vellore district / Vellore region,Locality / Village,servicing-areas/labbaimankuppam-catering.html
95,Madanur,"Madanur, Vellore, Tamil Nadu",Vellore district / Vellore region,Locality / Village,servicing-areas/madanur-catering.html
96,Malayambattu,"Malayambattu, Vellore, Tamil Nadu",Vellore district / Vellore region,Locality / Village,servicing-areas/malayambattu-catering.html
97,Maniyarakuppam,"Maniyarakuppam, Vellore, Tamil Nadu",Vellore district / Vellore region,Locality / Village,servicing-areas/maniyarakuppam-catering.html
98,Melpallipattu,"Melpallipattu, Vellore, Tamil Nadu",Vellore district / Vellore region,Locality / Village,servicing-areas/melpallipattu-catering.html
99,Melshanankuppam,"Melshanankuppam, Vellore, Tamil Nadu",Vellore district / Vellore region,Locality / Village,servicing-areas/melshanankuppam-catering.html
100,Minnur,"Minnur, Vellore, Tamil Nadu",Vellore district / Vellore region,Locality / Village,servicing-areas/minnur-catering.html
101,Mittalam,"Mittalam, Vellore, Tamil Nadu",Vellore district / Vellore region,Locality / Village,servicing-areas/mittalam-catering.html
102,Nacharkuppam,"Nacharkuppam, Vellore, Tamil Nadu",Vellore district / Vellore region,Locality / Village,servicing-areas/nacharkuppam-catering.html
103,Nariambattu,"Nariambattu, Vellore, Tamil Nadu",Vellore district / Vellore region,Locality / Village,servicing-areas/nariambattu-catering.html
104,Nayakaneri,"Nayakaneri, Vellore, Tamil Nadu",Vellore district / Vellore region,Locality / Village,servicing-areas/nayakaneri-catering.html
105,Nedumipalayam,"Nedumipalayam, Vellore, Tamil Nadu",Vellore district / Vellore region,Locality / Village,servicing-areas/nedumipalayam-catering.html
106,Pakkam,"Pakkam, Vellore, Tamil Nadu",Vellore district / Vellore region,Locality / Village,servicing-areas/pakkam-catering.html
107,Pakkampalayam,"Pakkampalayam, Vellore, Tamil Nadu",Vellore district / Vellore region,Locality / Village,servicing-areas/pakkampalayam-catering.html
108,Palapadi,"Palapadi, Vellore, Tamil Nadu",Vellore district / Vellore region,Locality / Village,servicing-areas/palapadi-catering.html
109,Pallikuppam,"Pallikuppam, Vellore, Tamil Nadu",Vellore district / Vellore region,Locality / Village,servicing-areas/pallikuppam-catering.html
110,Palur,"Palur, Vellore, Tamil Nadu",Vellore district / Vellore region,Locality / Village,servicing-areas/palur-catering.html
111,Parsanapalli,"Parsanapalli, Vellore, Tamil Nadu",Vellore district / Vellore region,Locality / Village,servicing-areas/parsanapalli-catering.html
112,Alanganeri,"Alanganeri, Vellore, Tamil Nadu",Vellore district / Vellore region,Locality / Village,servicing-areas/alanganeri-catering.html
113,Ammanankuppam,"Ammanankuppam, Vellore, Tamil Nadu",Vellore district / Vellore region,Locality / Village,servicing-areas/ammanankuppam-catering.html
114,Ammavaripalle,"Ammavaripalle, Vellore, Tamil Nadu",Vellore district / Vellore region,Locality / Village,servicing-areas/ammavaripalle-catering.html
115,Ammundi,"Ammundi, Vellore, Tamil Nadu",Vellore district / Vellore region,Locality / Village,servicing-areas/ammundi-catering.html
116,Angarankuppam,"Angarankuppam, Vellore, Tamil Nadu",Vellore district / Vellore region,Locality / Village,servicing-areas/angarankuppam-catering.html
117,Annangudi,"Annangudi, Vellore, Tamil Nadu",Vellore district / Vellore region,Locality / Village,servicing-areas/annangudi-catering.html
118,Arumbakkam,"Arumbakkam, Vellore, Tamil Nadu",Vellore district / Vellore region,Locality / Village,servicing-areas/arumbakkam-catering.html
119,Arumparuthi,"Arumparuthi, Vellore, Tamil Nadu",Vellore district / Vellore region,Locality / Village,servicing-areas/arumparuthi-catering.html
120,Balekuppam,"Balekuppam, Vellore, Tamil Nadu",Vellore district / Vellore region,Locality / Village,servicing-areas/balekuppam-catering.html
121,Bomminayakkanpalayam,"Bomminayakkanpalayam, Vellore, Tamil Nadu",Vellore district / Vellore region,Locality / Village,servicing-areas/bomminayakkanpalayam-catering.html
122,Brahmapuram,"Brahmapuram, Vellore, Tamil Nadu",Vellore district / Vellore region,Locality / Village,servicing-areas/brahmapuram-catering.html
123,Chenji,"Chenji, Vellore, Tamil Nadu",Vellore district / Vellore region,Locality / Village,servicing-areas/chenji-catering.html
124,Cholamur,"Cholamur, Vellore, Tamil Nadu",Vellore district / Vellore region,Locality / Village,servicing-areas/cholamur-catering.html
125,Devarishikuppam,"Devarishikuppam, Vellore, Tamil Nadu",Vellore district / Vellore region,Locality / Village,servicing-areas/devarishikuppam-catering.html
126,Dharapadavedu,"Dharapadavedu, Vellore, Tamil Nadu",Vellore district / Vellore region,Locality / Village,servicing-areas/dharapadavedu-catering.html
127,Kalinjur,"Kalinjur, Vellore, Tamil Nadu",Vellore district / Vellore region,Locality / Village,servicing-areas/kalinjur-catering.html
128,Kangeyanallur,"Kangeyanallur, Vellore, Tamil Nadu",Vellore district / Vellore region,Locality / Village,servicing-areas/kangeyanallur-catering.html
129,Virudampattu,"Virudampattu, Vellore, Tamil Nadu",Vellore district / Vellore region,Locality / Village,servicing-areas/virudampattu-catering.html
130,Karugambathur,"Karugambathur, Vellore, Tamil Nadu",Vellore district / Vellore region,Locality / Village,servicing-areas/karugambathur-catering.html
131,Alamelumangapuram,"Alamelumangapuram, Vellore, Tamil Nadu",Vellore district / Vellore region,Locality / Village,servicing-areas/alamelumangapuram-catering.html
132,Arumparai,"Arumparai, Vellore, Tamil Nadu",Vellore district / Vellore region,Locality / Village,servicing-areas/arumparai-catering.html
133,Munjurpattu,"Munjurpattu, Vellore, Tamil Nadu",Vellore district / Vellore region,Locality / Village,servicing-areas/munjurpattu-catering.html
134,Kallukadai Garden,"Kallukadai Garden, Vellore, Tamil Nadu",Vellore district / Vellore region,Locality / Village,servicing-areas/kallukadai-garden-catering.html
135,Vepampattu,"Vepampattu, Vellore, Tamil Nadu",Vellore district / Vellore region,Locality / Village,servicing-areas/vepampattu-catering.html
136,Anandhalai,"Anandhalai, Vellore, Tamil Nadu",Vellore district / Vellore region,Locality / Village,servicing-areas/anandhalai-catering.html
137,Aminjikarai,"Aminjikarai, Vellore, Tamil Nadu",Vellore district / Vellore region,Locality / Village,servicing-areas/aminjikarai-catering.html
138,Agraharam,"Agraharam, Vellore, Tamil Nadu",Vellore district / Vellore region,Locality / Village,servicing-areas/agraharam-catering.html
139,Aiyur,"Aiyur, Vellore, Tamil Nadu",Vellore district / Vellore region,Locality / Village,servicing-areas/aiyur-catering.html
140,Vettapattu,"Vettapattu, Vellore, Tamil Nadu",Vellore district / Vellore region,Locality / Village,servicing-areas/vettapattu-catering.html
141,Thiriyalam,"Thiriyalam, Vellore, Tamil Nadu",Vellore district / Vellore region,Locality / Village,servicing-areas/thiriyalam-catering.html
142,Thadagam,"Thadagam, Vellore, Tamil Nadu",Vellore district / Vellore region,Locality / Village,servicing-areas/thadagam-catering.html
143,Kadapanthangal,"Kadapanthangal, Vellore, Tamil Nadu",Vellore district / Vellore region,Locality / Village,servicing-areas/kadapanthangal-catering.html
144,Suparipattu,"Suparipattu, Vellore, Tamil Nadu",Vellore district / Vellore region,Locality / Village,servicing-areas/suparipattu-catering.html
145,Kasalankuppam,"Kasalankuppam, Vellore, Tamil Nadu",Vellore district / Vellore region,Locality / Village,servicing-areas/kasalankuppam-catering.html
146,Lekkanakuppam,"Lekkanakuppam, Vellore, Tamil Nadu",Vellore district / Vellore region,Locality / Village,servicing-areas/lekkanakuppam-catering.html
147,Bomminakuppam,"Bomminakuppam, Vellore, Tamil Nadu",Vellore district / Vellore region,Locality / Village,servicing-areas/bomminakuppam-catering.html
148,Gudiyatham,"Gudiyatham, Vellore, Tamil Nadu",Vellore district / Vellore region,Town / Administrative area,servicing-areas/gudiyatham-catering.html
149,Pernambut,"Pernambut, Vellore, Tamil Nadu",Vellore district / Vellore region,Town / Administrative area,servicing-areas/pernambut-catering.html
150,KV Kuppam,"KV Kuppam, Vellore, Tamil Nadu",Vellore district / Vellore region,Town / Administrative area,servicing-areas/kv-kuppam-catering.html
151,Kilvaithinankuppam,"Kilvaithinankuppam, Vellore, Tamil Nadu",Vellore district / Vellore region,Town / Administrative area,servicing-areas/kilvaithinankuppam-catering.html
152,Paradarami,"Paradarami, Vellore, Tamil Nadu",Vellore district / Vellore region,Locality / Village,servicing-areas/paradarami-catering.html
153,Danakondapalli,"Danakondapalli, Vellore, Tamil Nadu",Vellore district / Vellore region,Locality / Village,servicing-areas/danakondapalli-catering.html
154,Dakshinapathapalayam,"Dakshinapathapalayam, Vellore, Tamil Nadu",Vellore district / Vellore region,Locality / Village,servicing-areas/dakshinapathapalayam-catering.html
155,Rangasumudram,"Rangasumudram, Vellore, Tamil Nadu",Vellore district / Vellore region,Locality / Village,servicing-areas/rangasumudram-catering.html
156,Puttavaripalli,"Puttavaripalli, Vellore, Tamil Nadu",Vellore district / Vellore region,Locality / Village,servicing-areas/puttavaripalli-catering.html
157,Veerichettipalli,"Veerichettipalli, Vellore, Tamil Nadu",Vellore district / Vellore region,Locality / Village,servicing-areas/veerichettipalli-catering.html
158,Varadhareddipalli,"Varadhareddipalli, Vellore, Tamil Nadu",Vellore district / Vellore region,Locality / Village,servicing-areas/varadhareddipalli-catering.html
159,Chengundram,"Chengundram, Vellore, Tamil Nadu",Vellore district / Vellore region,Locality / Village,servicing-areas/chengundram-catering.html
160,Modikuppam,"Modikuppam, Vellore, Tamil Nadu",Vellore district / Vellore region,Locality / Village,servicing-areas/modikuppam-catering.html
161,Thattaparai,"Thattaparai, Vellore, Tamil Nadu",Vellore district / Vellore region,Locality / Village,servicing-areas/thattaparai-catering.html
162,Chinnalapalli,"Chinnalapalli, Vellore, Tamil Nadu",Vellore district / Vellore region,Locality / Village,servicing-areas/chinnalapalli-catering.html
163,Mukkundram,"Mukkundram, Vellore, Tamil Nadu",Vellore district / Vellore region,Locality / Village,servicing-areas/mukkundram-catering.html
164,Ramalai,"Ramalai, Vellore, Tamil Nadu",Vellore district / Vellore region,Locality / Village,servicing-areas/ramalai-catering.html
165,Thattimanapalli,"Thattimanapalli, Vellore, Tamil Nadu",Vellore district / Vellore region,Locality / Village,servicing-areas/thattimanapalli-catering.html
166,Kallapadi,"Kallapadi, Vellore, Tamil Nadu",Vellore district / Vellore region,Locality / Village,servicing-areas/kallapadi-catering.html
167,Kondasamudram,"Kondasamudram, Vellore, Tamil Nadu",Vellore district / Vellore region,Locality / Village,servicing-areas/kondasamudram-catering.html
168,Pichanur,"Pichanur, Vellore, Tamil Nadu",Vellore district / Vellore region,Locality / Village,servicing-areas/pichanur-catering.html
169,Rajakuppam,"Rajakuppam, Vellore, Tamil Nadu",Vellore district / Vellore region,Locality / Village,servicing-areas/rajakuppam-catering.html
170,Nellorepettai,"Nellorepettai, Vellore, Tamil Nadu",Vellore district / Vellore region,Locality / Village,servicing-areas/nellorepettai-catering.html
171,Seruvangi,"Seruvangi, Vellore, Tamil Nadu",Vellore district / Vellore region,Locality / Village,servicing-areas/seruvangi-catering.html
172,Thalayatham,"Thalayatham, Vellore, Tamil Nadu",Vellore district / Vellore region,Locality / Village,servicing-areas/thalayatham-catering.html
173,Chedukkarai,"Chedukkarai, Vellore, Tamil Nadu",Vellore district / Vellore region,Locality / Village,servicing-areas/chedukkarai-catering.html
174,Melalathur,"Melalathur, Vellore, Tamil Nadu",Vellore district / Vellore region,Locality / Village,servicing-areas/melalathur-catering.html
175,Melmuttukur,"Melmuttukur, Vellore, Tamil Nadu",Vellore district / Vellore region,Locality / Village,servicing-areas/melmuttukur-catering.html
176,Chettikuppam,"Chettikuppam, Vellore, Tamil Nadu",Vellore district / Vellore region,Locality / Village,servicing-areas/chettikuppam-catering.html
177,Bojanapuram,"Bojanapuram, Vellore, Tamil Nadu",Vellore district / Vellore region,Locality / Village,servicing-areas/bojanapuram-catering.html
178,Singalpadi,"Singalpadi, Vellore, Tamil Nadu",Vellore district / Vellore region,Locality / Village,servicing-areas/singalpadi-catering.html
179,Goodanagaram,"Goodanagaram, Vellore, Tamil Nadu",Vellore district / Vellore region,Locality / Village,servicing-areas/goodanagaram-catering.html
180,Ananganallore,"Ananganallore, Vellore, Tamil Nadu",Vellore district / Vellore region,Locality / Village,servicing-areas/ananganallore-catering.html
181,Kothakuppam,"Kothakuppam, Vellore, Tamil Nadu",Vellore district / Vellore region,Locality / Village,servicing-areas/kothakuppam-catering.html
182,Chithathoor,"Chithathoor, Vellore, Tamil Nadu",Vellore district / Vellore region,Locality / Village,servicing-areas/chithathoor-catering.html
183,Chokkarishikuppam,"Chokkarishikuppam, Vellore, Tamil Nadu",Vellore district / Vellore region,Locality / Village,servicing-areas/chokkarishikuppam-catering.html
184,Chinnadamal Cheruvu,"Chinnadamal Cheruvu, Vellore, Tamil Nadu",Vellore district / Vellore region,Locality / Village,servicing-areas/chinnadamal-cheruvu-catering.html
185,Charakkal,"Charakkal, Vellore, Tamil Nadu",Vellore district / Vellore region,Locality / Village,servicing-areas/charakkal-catering.html
186,Erthangal,"Erthangal, Vellore, Tamil Nadu",Vellore district / Vellore region,Locality / Village,servicing-areas/erthangal-catering.html
187,Erukkampattu,"Erukkampattu, Vellore, Tamil Nadu",Vellore district / Vellore region,Locality / Village,servicing-areas/erukkampattu-catering.html
188,Gundalapalli,"Gundalapalli, Vellore, Tamil Nadu",Vellore district / Vellore region,Locality / Village,servicing-areas/gundalapalli-catering.html
189,Karkur,"Karkur, Vellore, Tamil Nadu",Vellore district / Vellore region,Locality / Village,servicing-areas/karkur-catering.html
190,Karuneekasamudram,"Karuneekasamudram, Vellore, Tamil Nadu",Vellore district / Vellore region,Locality / Village,servicing-areas/karuneekasamudram-catering.html
191,Katherikuppam,"Katherikuppam, Vellore, Tamil Nadu",Vellore district / Vellore region,Locality / Village,servicing-areas/katherikuppam-catering.html
192,Kempasamudram,"Kempasamudram, Vellore, Tamil Nadu",Vellore district / Vellore region,Locality / Village,servicing-areas/kempasamudram-catering.html
193,Kilpatti,"Kilpatti, Vellore, Tamil Nadu",Vellore district / Vellore region,Locality / Village,servicing-areas/kilpatti-catering.html
194,Kothamarikuppam,"Kothamarikuppam, Vellore, Tamil Nadu",Vellore district / Vellore region,Locality / Village,servicing-areas/kothamarikuppam-catering.html
195,Kothapalli,"Kothapalli, Vellore, Tamil Nadu",Vellore district / Vellore region,Locality / Village,servicing-areas/kothapalli-catering.html
196,Kulidikai,"Kulidikai, Vellore, Tamil Nadu",Vellore district / Vellore region,Locality / Village,servicing-areas/kulidikai-catering.html
197,Machampattu,"Machampattu, Vellore, Tamil Nadu",Vellore district / Vellore region,Locality / Village,servicing-areas/machampattu-catering.html
198,Mailpatti,"Mailpatti, Vellore, Tamil Nadu",Vellore district / Vellore region,Locality / Village,servicing-areas/mailpatti-catering.html
199,Masigam,"Masigam, Vellore, Tamil Nadu",Vellore district / Vellore region,Locality / Village,servicing-areas/masigam-catering.html
200,Ambur,"Ambur, Vellore, Tamil Nadu",Vellore district / Vellore region,Town / Administrative area,servicing-areas/ambur-catering.html
201,Periyankuppam,"Periyankuppam, Vellore, Tamil Nadu",Vellore district / Vellore region,Locality / Village,servicing-areas/periyankuppam-catering.html
202,Puthagaram,"Puthagaram, Vellore, Tamil Nadu",Vellore district / Vellore region,Locality / Village,servicing-areas/puthagaram-catering.html
203,Madhur,"Madhur, Vellore, Tamil Nadu",Vellore district / Vellore region,Locality / Village,servicing-areas/madhur-catering.html
204,Melsanankuppam,"Melsanankuppam, Vellore, Tamil Nadu",Vellore district / Vellore region,Locality / Village,servicing-areas/melsanankuppam-catering.html
205,Ambur R.F.,"Ambur R.F., Vellore, Tamil Nadu",Vellore & nearby,Forest / Census locality,servicing-areas/ambur-r-f-catering.html
206,Arakonam,"Arakonam, Vellore, Tamil Nadu",Vellore district / Vellore region,Town / Administrative area,servicing-areas/arakonam-catering.html
207,Arakkonam,"Arakkonam, Vellore, Tamil Nadu",Vellore & nearby,Town / Administrative area,servicing-areas/arakkonam-catering.html
208,Perumuchi,"Perumuchi, Vellore, Tamil Nadu",Vellore district / Vellore region,Locality / Village,servicing-areas/perumuchi-catering.html
209,Kaveripakkam,"Kaveripakkam, Vellore, Tamil Nadu",Vellore & nearby,Town / Administrative area,servicing-areas/kaveripakkam-catering.html
210,Nemili,"Nemili, Vellore, Tamil Nadu",Vellore & nearby,Town / Administrative area,servicing-areas/nemili-catering.html
211,Sholinghur,"Sholinghur, Vellore, Tamil Nadu",Vellore & nearby,Town / Administrative area,servicing-areas/sholinghur-catering.html
212,Walajapet,"Walajapet, Vellore, Tamil Nadu",Vellore & nearby,Town / Administrative area,servicing-areas/walajapet-catering.html
213,Arcot,"Arcot, Vellore, Tamil Nadu",Vellore & nearby,Town / Administrative area,servicing-areas/arcot-catering.html
214,Ranipet,"Ranipet, Vellore, Tamil Nadu",Vellore & nearby,Town / Administrative area,servicing-areas/ranipet-catering.html
215,Melvisharam,"Melvisharam, Vellore, Tamil Nadu",Vellore & nearby,Locality / Village,servicing-areas/melvisharam-catering.html
216,Ammoor,"Ammoor, Vellore, Tamil Nadu",Vellore & nearby,Locality / Village,servicing-areas/ammoor-catering.html
217,Chettithangal,"Chettithangal, Vellore, Tamil Nadu",Vellore district / Vellore region,Locality / Village,servicing-areas/chettithangal-catering.html
218,Narasingapuram,"Narasingapuram, Vellore, Tamil Nadu",Vellore district / Vellore region,Locality / Village,servicing-areas/narasingapuram-catering.html
219,Thiruvalam,"Thiruvalam, Vellore, Tamil Nadu",Vellore & nearby,Locality / Village,servicing-areas/thiruvalam-catering.html
220,Ponnai,"Ponnai, Vellore, Tamil Nadu",Vellore district / Vellore region,Locality / Village,servicing-areas/ponnai-catering.html
221,Navlock,"Navlock, Vellore, Tamil Nadu",Vellore district / Vellore region,Locality / Village,servicing-areas/navlock-catering.html
222,Vannivedu,"Vannivedu, Vellore, Tamil Nadu",Vellore district / Vellore region,Locality / Village,servicing-areas/vannivedu-catering.html
223,Thengal,"Thengal, Vellore, Tamil Nadu",Vellore district / Vellore region,Locality / Village,servicing-areas/thengal-catering.html
224,Kilminnal,"Kilminnal, Vellore, Tamil Nadu",Vellore district / Vellore region,Locality / Village,servicing-areas/kilminnal-catering.html
225,Arapakkam,"Arapakkam, Vellore, Tamil Nadu",Vellore district / Vellore region,Locality / Village,servicing-areas/arapakkam-catering.html
226,Melakuppam,"Melakuppam, Vellore, Tamil Nadu",Vellore district / Vellore region,Locality / Village,servicing-areas/melakuppam-catering.html
227,Thimmanacherikuppam,"Thimmanacherikuppam, Vellore, Tamil Nadu",Vellore district / Vellore region,Locality / Village,servicing-areas/thimmanacherikuppam-catering.html
228,Nandiyalam,"Nandiyalam, Vellore, Tamil Nadu",Vellore district / Vellore region,Locality / Village,servicing-areas/nandiyalam-catering.html
229,Veppur,"Veppur, Vellore, Tamil Nadu",Vellore district / Vellore region,Locality / Village,servicing-areas/veppur-catering.html
230,Gudimallur,"Gudimallur, Vellore, Tamil Nadu",Vellore district / Vellore region,Locality / Village,servicing-areas/gudimallur-catering.html
231,Chennesamudram,"Chennesamudram, Vellore, Tamil Nadu",Vellore district / Vellore region,Locality / Village,servicing-areas/chennesamudram-catering.html
232,Kadapperi,"Kadapperi, Vellore, Tamil Nadu",Vellore district / Vellore region,Locality / Village,servicing-areas/kadapperi-catering.html
233,Poondi,"Poondi, Vellore, Tamil Nadu",Vellore district / Vellore region,Locality / Village,servicing-areas/poondi-catering.html
234,Thirumalaicheri,"Thirumalaicheri, Vellore, Tamil Nadu",Vellore district / Vellore region,Locality / Village,servicing-areas/thirumalaicheri-catering.html
235,Thalanur,"Thalanur, Vellore, Tamil Nadu",Vellore district / Vellore region,Locality / Village,servicing-areas/thalanur-catering.html
236,Kathiavadi,"Kathiavadi, Vellore, Tamil Nadu",Vellore district / Vellore region,Locality / Village,servicing-areas/kathiavadi-catering.html
237,Ayilam,"Ayilam, Vellore, Tamil Nadu",Vellore district / Vellore region,Locality / Village,servicing-areas/ayilam-catering.html
238,Arunkundram,"Arunkundram, Vellore, Tamil Nadu",Vellore district / Vellore region,Locality / Village,servicing-areas/arunkundram-catering.html
239,Kilkuppam,"Kilkuppam, Vellore, Tamil Nadu",Vellore district / Vellore region,Locality / Village,servicing-areas/kilkuppam-catering.html
240,Koorambadi,"Koorambadi, Vellore, Tamil Nadu",Vellore district / Vellore region,Locality / Village,servicing-areas/koorambadi-catering.html
241,Sathambakkam,"Sathambakkam, Vellore, Tamil Nadu",Vellore district / Vellore region,Locality / Village,servicing-areas/sathambakkam-catering.html
242,Thiruparkadal,"Thiruparkadal, Vellore, Tamil Nadu",Vellore district / Vellore region,Locality / Village,servicing-areas/thiruparkadal-catering.html
243,Kalmelkuppam,"Kalmelkuppam, Vellore, Tamil Nadu",Vellore district / Vellore region,Locality / Village,servicing-areas/kalmelkuppam-catering.html
244,Tirupathur,"Tirupathur, Vellore, Tamil Nadu",Vellore district / Vellore region,Town / Administrative area,servicing-areas/tirupathur-catering.html
245,Jolarpet,"Jolarpet, Vellore, Tamil Nadu",Vellore district / Vellore region,Town / Administrative area,servicing-areas/jolarpet-catering.html
246,Natrampalli,"Natrampalli, Vellore, Tamil Nadu",Vellore district / Vellore region,Locality / Village,servicing-areas/natrampalli-catering.html
247,Kandili,"Kandili, Vellore, Tamil Nadu",Vellore district / Vellore region,Locality / Village,servicing-areas/kandili-catering.html
248,Alangayam,"Alangayam, Vellore, Tamil Nadu",Vellore district / Vellore region,Town / Administrative area,servicing-areas/alangayam-catering.html
249,Madhanur,"Madhanur, Vellore, Tamil Nadu",Vellore district / Vellore region,Town / Administrative area,servicing-areas/madhanur-catering.html
250,Pernampattu,"Pernampattu, Vellore, Tamil Nadu",Vellore district / Vellore region,Locality / Village,servicing-areas/pernampattu-catering.html
251,Anaicut,"Anaicut, Vellore, Tamil Nadu",Vellore district / Vellore region,Town / Administrative area,servicing-areas/anaicut-catering.html
252,Kaniyambadi,"Kaniyambadi, Vellore, Tamil Nadu",Vellore district / Vellore region,Town / Administrative area,servicing-areas/kaniyambadi-catering.html
253,Vellore Town,"Vellore Town, Vellore, Tamil Nadu",Vellore district / Vellore region,Locality / Village,servicing-areas/vellore-town-catering.html
254,Vellore Cantonment,"Vellore Cantonment, Vellore, Tamil Nadu",Vellore district / Vellore region,Locality / Village,servicing-areas/vellore-cantonment-catering.html
255,CMC Vellore,"CMC Vellore, Vellore, Tamil Nadu",Vellore district / Vellore region,Locality / Village,servicing-areas/cmc-vellore-catering.html
256,CMC Outgate,"CMC Outgate, Vellore, Tamil Nadu",Vellore & nearby,Road / Junction / Landmark,servicing-areas/cmc-outgate-catering.html
257,Katpadi Junction,"Katpadi Junction, Vellore, Tamil Nadu",Vellore & nearby,Road / Junction / Landmark,servicing-areas/katpadi-junction-catering.html
258,Katpadi Road,"Katpadi Road, Vellore, Tamil Nadu",Vellore & nearby,Road / Junction / Landmark,servicing-areas/katpadi-road-catering.html
259,Chittoor Road,"Chittoor Road, Vellore, Tamil Nadu",Vellore & nearby,Road / Junction / Landmark,servicing-areas/chittoor-road-catering.html
260,Bangalore Road,"Bangalore Road, Vellore, Tamil Nadu",Vellore & nearby,Road / Junction / Landmark,servicing-areas/bangalore-road-catering.html
261,Chennai Bangalore Highway,"Chennai Bangalore Highway, Vellore, Tamil Nadu",Vellore district / Vellore region,Locality / Village,servicing-areas/chennai-bangalore-highway-catering.html
262,Cuddalore Road,"Cuddalore Road, Vellore, Tamil Nadu",Vellore district / Vellore region,Road / Junction / Landmark,servicing-areas/cuddalore-road-catering.html
263,Officer's Line,"Officer's Line, Vellore, Tamil Nadu",Vellore district / Vellore region,Locality / Village,servicing-areas/officer-s-line-catering.html
264,Green Circle,"Green Circle, Vellore, Tamil Nadu",Vellore district / Vellore region,Road / Junction / Landmark,servicing-areas/green-circle-catering.html
265,New Bus Stand,"New Bus Stand, Vellore, Tamil Nadu",Vellore district / Vellore region,Road / Junction / Landmark,servicing-areas/new-bus-stand-catering.html
266,Old Bus Stand,"Old Bus Stand, Vellore, Tamil Nadu",Vellore district / Vellore region,Road / Junction / Landmark,servicing-areas/old-bus-stand-catering.html
267,Vellore Bus Stand,"Vellore Bus Stand, Vellore, Tamil Nadu",Vellore district / Vellore region,Road / Junction / Landmark,servicing-areas/vellore-bus-stand-catering.html
268,Fort Roundana,"Fort Roundana, Vellore, Tamil Nadu",Vellore district / Vellore region,Locality / Village,servicing-areas/fort-roundana-catering.html
269,Fort Main Road,"Fort Main Road, Vellore, Tamil Nadu",Vellore district / Vellore region,Road / Junction / Landmark,servicing-areas/fort-main-road-catering.html
270,Old Katpadi Road,"Old Katpadi Road, Vellore, Tamil Nadu",Vellore district / Vellore region,Road / Junction / Landmark,servicing-areas/old-katpadi-road-catering.html
271,New Katpadi Road,"New Katpadi Road, Vellore, Tamil Nadu",Vellore district / Vellore region,Road / Junction / Landmark,servicing-areas/new-katpadi-road-catering.html
272,Gandhi Nagar,"Gandhi Nagar, Vellore, Tamil Nadu",Vellore district / Vellore region,Locality / Village,servicing-areas/gandhi-nagar-catering.html
273,Phase 1 Sathuvachari,"Phase 1 Sathuvachari, Vellore, Tamil Nadu",Vellore district / Vellore region,Locality / Village,servicing-areas/phase-1-sathuvachari-catering.html
274,South Avenue Road,"South Avenue Road, Vellore, Tamil Nadu",Vellore district / Vellore region,Road / Junction / Landmark,servicing-areas/south-avenue-road-catering.html
275,Perumal Koil Street,"Perumal Koil Street, Vellore, Tamil Nadu",Vellore district / Vellore region,Locality / Village,servicing-areas/perumal-koil-street-catering.html
276,Anna Salai,"Anna Salai, Vellore, Tamil Nadu",Vellore district / Vellore region,Locality / Village,servicing-areas/anna-salai-catering.html
277,Long Bazar,"Long Bazar, Vellore, Tamil Nadu",Vellore district / Vellore region,Locality / Village,servicing-areas/long-bazar-catering.html
278,Main Bazaar,"Main Bazaar, Vellore, Tamil Nadu",Vellore district / Vellore region,Road / Junction / Landmark,servicing-areas/main-bazaar-catering.html
279,Sainathapuram,"Sainathapuram, Vellore, Tamil Nadu",Vellore district / Vellore region,Locality / Village,servicing-areas/sainathapuram-catering.html
280,Allapuram,"Allapuram, Vellore, Tamil Nadu",Vellore district / Vellore region,Locality / Village,servicing-areas/allapuram-catering.html
281,Vasanthapuram,"Vasanthapuram, Vellore, Tamil Nadu",Vellore district / Vellore region,Locality / Village,servicing-areas/vasanthapuram-catering.html
282,Mullai Nagar,"Mullai Nagar, Vellore, Tamil Nadu",Vellore district / Vellore region,Locality / Village,servicing-areas/mullai-nagar-catering.html
283,Vellore Collectorate,"Vellore Collectorate, Vellore, Tamil Nadu",Vellore district / Vellore region,Locality / Village,servicing-areas/vellore-collectorate-catering.html
284,Thottapalayam,"Thottapalayam, Vellore, Tamil Nadu",Vellore district / Vellore region,Locality / Village,servicing-areas/thottapalayam-catering.html
285,Chinnallapuram,"Chinnallapuram, Vellore, Tamil Nadu",Vellore district / Vellore region,Locality / Village,servicing-areas/chinnallapuram-catering.html
286,Kaspa,"Kaspa, Vellore, Tamil Nadu",Vellore district / Vellore region,Locality / Village,servicing-areas/kaspa-catering.html
287,Sankaranpalayam,"Sankaranpalayam, Vellore, Tamil Nadu",Vellore district / Vellore region,Locality / Village,servicing-areas/sankaranpalayam-catering.html
288,Konar Street,"Konar Street, Vellore, Tamil Nadu",Vellore district / Vellore region,Locality / Village,servicing-areas/konar-street-catering.html
289,Kosalai,"Kosalai, Vellore, Tamil Nadu",Vellore district / Vellore region,Locality / Village,servicing-areas/kosalai-catering.html
290,Kosapet,"Kosapet, Vellore, Tamil Nadu",Vellore district / Vellore region,Locality / Village,servicing-areas/kosapet-catering.html
291,Vellore North,"Vellore North, Vellore, Tamil Nadu",Vellore district / Vellore region,Locality / Village,servicing-areas/vellore-north-catering.html
292,Vellore South,"Vellore South, Vellore, Tamil Nadu",Vellore district / Vellore region,Locality / Village,servicing-areas/vellore-south-catering.html
293,Vellore East,"Vellore East, Vellore, Tamil Nadu",Vellore district / Vellore region,Locality / Village,servicing-areas/vellore-east-catering.html
294,Vellore West,"Vellore West, Vellore, Tamil Nadu",Vellore district / Vellore region,Locality / Village,servicing-areas/vellore-west-catering.html
295,Sathuvachari Phase 1,"Sathuvachari Phase 1, Vellore, Tamil Nadu",Vellore district / Vellore region,Locality / Village,servicing-areas/sathuvachari-phase-1-catering.html
296,Sathuvachari Phase 2,"Sathuvachari Phase 2, Vellore, Tamil Nadu",Vellore district / Vellore region,Locality / Village,servicing-areas/sathuvachari-phase-2-catering.html
297,Rangarajapuram,"Rangarajapuram, Vellore, Tamil Nadu",Vellore district / Vellore region,Locality / Village,servicing-areas/rangarajapuram-catering.html
298,Periyar Nagar,"Periyar Nagar, Vellore, Tamil Nadu",Vellore district / Vellore region,Locality / Village,servicing-areas/periyar-nagar-catering.html
299,Kalyanapuram,"Kalyanapuram, Vellore, Tamil Nadu",Vellore district / Vellore region,Locality / Village,servicing-areas/kalyanapuram-catering.html
300,Gandhi Nagar Katpadi,"Gandhi Nagar Katpadi, Vellore, Tamil Nadu",Vellore district / Vellore region,Locality / Village,servicing-areas/gandhi-nagar-katpadi-catering.html
301,Rajalakshmi Nagar,"Rajalakshmi Nagar, Vellore, Tamil Nadu",Vellore district / Vellore region,Locality / Village,servicing-areas/rajalakshmi-nagar-catering.html
302,Balaji Nagar,"Balaji Nagar, Vellore, Tamil Nadu",Vellore district / Vellore region,Locality / Village,servicing-areas/balaji-nagar-catering.html
303,Officers Line Vellore,"Officers Line Vellore, Vellore, Tamil Nadu",Vellore district / Vellore region,Locality / Village,servicing-areas/officers-line-vellore-catering.html
304,CMC Hospital Road,"CMC Hospital Road, Vellore, Tamil Nadu",Vellore district / Vellore region,Road / Junction / Landmark,servicing-areas/cmc-hospital-road-catering.html
305,Arni Road,"Arni Road, Vellore, Tamil Nadu",Vellore district / Vellore region,Road / Junction / Landmark,servicing-areas/arni-road-catering.html
306,Chennai Road Vellore,"Chennai Road Vellore, Vellore, Tamil Nadu",Vellore district / Vellore region,Road / Junction / Landmark,servicing-areas/chennai-road-vellore-catering.html
307,Chittoor Road Vellore,"Chittoor Road Vellore, Vellore, Tamil Nadu",Vellore district / Vellore region,Road / Junction / Landmark,servicing-areas/chittoor-road-vellore-catering.html
308,Pernambut Road,"Pernambut Road, Vellore, Tamil Nadu",Vellore & nearby,Road / Junction / Landmark,servicing-areas/pernambut-road-catering.html
309,Gudiyatham Road,"Gudiyatham Road, Vellore, Tamil Nadu",Vellore & nearby,Road / Junction / Landmark,servicing-areas/gudiyatham-road-catering.html
310,Anaicut Road,"Anaicut Road, Vellore, Tamil Nadu",Vellore district / Vellore region,Road / Junction / Landmark,servicing-areas/anaicut-road-catering.html
311,Odugathur Road,"Odugathur Road, Vellore, Tamil Nadu",Vellore district / Vellore region,Road / Junction / Landmark,servicing-areas/odugathur-road-catering.html
312,Pallikonda Road,"Pallikonda Road, Vellore, Tamil Nadu",Vellore & nearby,Road / Junction / Landmark,servicing-areas/pallikonda-road-catering.html
313,Pennathur Road,"Pennathur Road, Vellore, Tamil Nadu",Vellore district / Vellore region,Road / Junction / Landmark,servicing-areas/pennathur-road-catering.html
314,Kaniyambadi Road,"Kaniyambadi Road, Vellore, Tamil Nadu",Vellore district / Vellore region,Road / Junction / Landmark,servicing-areas/kaniyambadi-road-catering.html
315,Katpadi Main Road,"Katpadi Main Road, Vellore, Tamil Nadu",Vellore district / Vellore region,Road / Junction / Landmark,servicing-areas/katpadi-main-road-catering.html
316,Vellore Main Road,"Vellore Main Road, Vellore, Tamil Nadu",Vellore district / Vellore region,Road / Junction / Landmark,servicing-areas/vellore-main-road-catering.html
317,Thorapadi Road,"Thorapadi Road, Vellore, Tamil Nadu",Vellore district / Vellore region,Road / Junction / Landmark,servicing-areas/thorapadi-road-catering.html
318,Bagayam Road,"Bagayam Road, Vellore, Tamil Nadu",Vellore district / Vellore region,Road / Junction / Landmark,servicing-areas/bagayam-road-catering.html
319,Adukkamparai Road,"Adukkamparai Road, Vellore, Tamil Nadu",Vellore district / Vellore region,Road / Junction / Landmark,servicing-areas/adukkamparai-road-catering.html
320,Ariyur Road,"Ariyur Road, Vellore, Tamil Nadu",Vellore district / Vellore region,Road / Junction / Landmark,servicing-areas/ariyur-road-catering.html
321,Sathiyamangalam Road,"Sathiyamangalam Road, Vellore, Tamil Nadu",Vellore district / Vellore region,Road / Junction / Landmark,servicing-areas/sathiyamangalam-road-catering.html
322,Saidapet Road,"Saidapet Road, Vellore, Tamil Nadu",Vellore district / Vellore region,Road / Junction / Landmark,servicing-areas/saidapet-road-catering.html
323,Shenbakkam Road,"Shenbakkam Road, Vellore, Tamil Nadu",Vellore district / Vellore region,Road / Junction / Landmark,servicing-areas/shenbakkam-road-catering.html
324,Gandhi Nagar Road,"Gandhi Nagar Road, Vellore, Tamil Nadu",Vellore district / Vellore region,Road / Junction / Landmark,servicing-areas/gandhi-nagar-road-catering.html
325,VIT Campus,"VIT Campus, Vellore, Tamil Nadu",Vellore district / Vellore region,Road / Junction / Landmark,servicing-areas/vit-campus-catering.html
326,VIT Road,"VIT Road, Vellore, Tamil Nadu",Vellore district / Vellore region,Road / Junction / Landmark,servicing-areas/vit-road-catering.html
327,Ruhsa Campus,"Ruhsa Campus, Vellore, Tamil Nadu",Vellore district / Vellore region,Road / Junction / Landmark,servicing-areas/ruhsa-campus-catering.html
328,Thiruvalluvar University,"Thiruvalluvar University, Vellore, Tamil Nadu",Vellore district / Vellore region,Locality / Village,servicing-areas/thiruvalluvar-university-catering.html
329,Vellore Institute of Technology,"Vellore Institute of Technology, Vellore, Tamil Nadu",Vellore district / Vellore region,Locality / Village,servicing-areas/vellore-institute-of-technology-catering.html
330,Christian Medical College,"Christian Medical College, Vellore, Tamil Nadu",Vellore district / Vellore region,Locality / Village,servicing-areas/christian-medical-college-catering.html
331,CMC Golden Jubilee Road,"CMC Golden Jubilee Road, Vellore, Tamil Nadu",Vellore district / Vellore region,Road / Junction / Landmark,servicing-areas/cmc-golden-jubilee-road-catering.html
332,Vellore Fort Road,"Vellore Fort Road, Vellore, Tamil Nadu",Vellore district / Vellore region,Road / Junction / Landmark,servicing-areas/vellore-fort-road-catering.html
333,Fort Market,"Fort Market, Vellore, Tamil Nadu",Vellore district / Vellore region,Locality / Village,servicing-areas/fort-market-catering.html
334,Bakiyath,"Bakiyath, Vellore, Tamil Nadu",Vellore district / Vellore region,Locality / Village,servicing-areas/bakiyath-catering.html
335,Virupakshipuram,"Virupakshipuram, Vellore, Tamil Nadu",Vellore district / Vellore region,Locality / Village,servicing-areas/virupakshipuram-catering.html
336,Palavansathu,"Palavansathu, Vellore, Tamil Nadu",Vellore district / Vellore region,Locality / Village,servicing-areas/palavansathu-catering.html
337,Karugampattur,"Karugampattur, Vellore, Tamil Nadu",Vellore district / Vellore region,Locality / Village,servicing-areas/karugampattur-catering.html
338,Gandhinagar Katpadi,"Gandhinagar Katpadi, Vellore, Tamil Nadu",Vellore district / Vellore region,Locality / Village,servicing-areas/gandhinagar-katpadi-catering.html
339,Ariyur Katpadi,"Ariyur Katpadi, Vellore, Tamil Nadu",Vellore district / Vellore region,Locality / Village,servicing-areas/ariyur-katpadi-catering.html
340,K.V. Kuppam Town,"K.V. Kuppam Town, Vellore, Tamil Nadu",Vellore district / Vellore region,Locality / Village,servicing-areas/k-v-kuppam-town-catering.html
341,Gudiyatham Town,"Gudiyatham Town, Vellore, Tamil Nadu",Vellore district / Vellore region,Locality / Village,servicing-areas/gudiyatham-town-catering.html
342,Pernambut Town,"Pernambut Town, Vellore, Tamil Nadu",Vellore district / Vellore region,Locality / Village,servicing-areas/pernambut-town-catering.html
343,Ambur Town,"Ambur Town, Vellore, Tamil Nadu",Vellore district / Vellore region,Locality / Village,servicing-areas/ambur-town-catering.html
344,Arakonam Town,"Arakonam Town, Vellore, Tamil Nadu",Vellore district / Vellore region,Locality / Village,servicing-areas/arakonam-town-catering.html
345,Arcot Town,"Arcot Town, Vellore, Tamil Nadu",Vellore district / Vellore region,Locality / Village,servicing-areas/arcot-town-catering.html
346,Ranipet Town,"Ranipet Town, Vellore, Tamil Nadu",Vellore district / Vellore region,Locality / Village,servicing-areas/ranipet-town-catering.html
347,Walajapet Town,"Walajapet Town, Vellore, Tamil Nadu",Vellore district / Vellore region,Locality / Village,servicing-areas/walajapet-town-catering.html
348,Sholinghur Town,"Sholinghur Town, Vellore, Tamil Nadu",Vellore district / Vellore region,Locality / Village,servicing-areas/sholinghur-town-catering.html
349,Tirupathur Town,"Tirupathur Town, Vellore, Tamil Nadu",Vellore district / Vellore region,Locality / Village,servicing-areas/tirupathur-town-catering.html
350,Vaniyambadi Town,"Vaniyambadi Town, Vellore, Tamil Nadu",Vellore district / Vellore region,Locality / Village,servicing-areas/vaniyambadi-town-catering.html
351,Jolarpet Town,"Jolarpet Town, Vellore, Tamil Nadu",Vellore district / Vellore region,Locality / Village,servicing-areas/jolarpet-town-catering.html
352,Kaveripakkam Town,"Kaveripakkam Town, Vellore, Tamil Nadu",Vellore district / Vellore region,Locality / Village,servicing-areas/kaveripakkam-town-catering.html
353,Nemili Town,"Nemili Town, Vellore, Tamil Nadu",Vellore district / Vellore region,Locality / Village,servicing-areas/nemili-town-catering.html
354,Chittoor,"Chittoor, Vellore, Tamil Nadu",Vellore & nearby,Town / Administrative area,servicing-areas/chittoor-catering.html
355,Palamaner,"Palamaner, Vellore, Tamil Nadu",Vellore & nearby,Town / Administrative area,servicing-areas/palamaner-catering.html
356,Puttur,"Puttur, Vellore, Tamil Nadu",Vellore & nearby,Town / Administrative area,servicing-areas/puttur-catering.html
357,Gudipala,"Gudipala, Vellore, Tamil Nadu",Vellore & nearby,Town / Administrative area,servicing-areas/gudipala-catering.html
358,Bangarupalem,"Bangarupalem, Vellore, Tamil Nadu",Vellore & nearby,Town / Administrative area,servicing-areas/bangarupalem-catering.html
359,Vijayapuram,"Vijayapuram, Vellore, Tamil Nadu",Vellore & nearby,Locality / Village,servicing-areas/vijayapuram-catering.html
360,Nagari,"Nagari, Vellore, Tamil Nadu",Vellore & nearby,Town / Administrative area,servicing-areas/nagari-catering.html
361,Ramapuram,"Ramapuram, Vellore, Tamil Nadu",Vellore & nearby,Locality / Village,servicing-areas/ramapuram-catering.html
362,Pallipattu,"Pallipattu, Vellore, Tamil Nadu",Vellore & nearby,Locality / Village,servicing-areas/pallipattu-catering.html
363,Tiruttani,"Tiruttani, Vellore, Tamil Nadu",Vellore & nearby,Town / Administrative area,servicing-areas/tiruttani-catering.html
364,Walajabad,"Walajabad, Vellore, Tamil Nadu",Vellore & nearby,Locality / Village,servicing-areas/walajabad-catering.html
365,Kanchipuram,"Kanchipuram, Vellore, Tamil Nadu",Vellore & nearby,Town / Administrative area,servicing-areas/kanchipuram-catering.html
366,Sriperumbudur,"Sriperumbudur, Vellore, Tamil Nadu",Vellore & nearby,Town / Administrative area,servicing-areas/sriperumbudur-catering.html
367,Rathinagiri,"Rathinagiri, Vellore, Tamil Nadu",Vellore & nearby,Locality / Village,servicing-areas/rathinagiri-catering.html
368,Lalapet,"Lalapet, Vellore, Tamil Nadu",Vellore & nearby,Locality / Village,servicing-areas/lalapet-catering.html
369,Timiri,"Timiri, Vellore, Tamil Nadu",Vellore & nearby,Locality / Village,servicing-areas/timiri-catering.html
370,Kalavai,"Kalavai, Vellore, Tamil Nadu",Vellore & nearby,Locality / Village,servicing-areas/kalavai-catering.html
371,Panapakkam,"Panapakkam, Vellore, Tamil Nadu",Vellore & nearby,Locality / Village,servicing-areas/panapakkam-catering.html
372,Banavaram,"Banavaram, Vellore, Tamil Nadu",Vellore & nearby,Locality / Village,servicing-areas/banavaram-catering.html
373,Thirumalpur,"Thirumalpur, Vellore, Tamil Nadu",Vellore & nearby,Locality / Village,servicing-areas/thirumalpur-catering.html
374,Sevur,"Sevur, Vellore, Tamil Nadu",Vellore & nearby,Locality / Village,servicing-areas/sevur-catering.html
375,Thimiri,"Thimiri, Vellore, Tamil Nadu",Vellore & nearby,Locality / Village,servicing-areas/thimiri-catering.html
376,Navalpur,"Navalpur, Vellore, Tamil Nadu",Vellore & nearby,Locality / Village,servicing-areas/navalpur-catering.html
377,Sakkaramallur,"Sakkaramallur, Vellore, Tamil Nadu",Vellore & nearby,Locality / Village,servicing-areas/sakkaramallur-catering.html
378,Vilapakkam,"Vilapakkam, Vellore, Tamil Nadu",Vellore & nearby,Locality / Village,servicing-areas/vilapakkam-catering.html
379,Kannamangalam,"Kannamangalam, Vellore, Tamil Nadu",Vellore & nearby,Locality / Village,servicing-areas/kannamangalam-catering.html
380,Polur,"Polur, Vellore, Tamil Nadu",Vellore & nearby,Town / Administrative area,servicing-areas/polur-catering.html
381,Kalambur,"Kalambur, Vellore, Tamil Nadu",Vellore & nearby,Town / Administrative area,servicing-areas/kalambur-catering.html
382,Padavedu,"Padavedu, Vellore, Tamil Nadu",Vellore & nearby,Town / Administrative area,servicing-areas/padavedu-catering.html
383,Vettavalam,"Vettavalam, Vellore, Tamil Nadu",Vellore & nearby,Locality / Village,servicing-areas/vettavalam-catering.html
384,Tiruvannamalai,"Tiruvannamalai, Vellore, Tamil Nadu",Vellore & nearby,Town / Administrative area,servicing-areas/tiruvannamalai-catering.html
385,Chengam,"Chengam, Vellore, Tamil Nadu",Vellore & nearby,Town / Administrative area,servicing-areas/chengam-catering.html
386,Cheyyar,"Cheyyar, Vellore, Tamil Nadu",Vellore & nearby,Town / Administrative area,servicing-areas/cheyyar-catering.html
387,Vandavasi,"Vandavasi, Vellore, Tamil Nadu",Vellore & nearby,Town / Administrative area,servicing-areas/vandavasi-catering.html
388,Arani,"Arani, Vellore, Tamil Nadu",Vellore & nearby,Town / Administrative area,servicing-areas/arani-catering.html
389,Chetpet,"Chetpet, Vellore, Tamil Nadu",Vellore & nearby,Town / Administrative area,servicing-areas/chetpet-catering.html
390,Devikapuram,"Devikapuram, Vellore, Tamil Nadu",Vellore & nearby,Town / Administrative area,servicing-areas/devikapuram-catering.html
391,Kilpennathur,"Kilpennathur, Vellore, Tamil Nadu",Vellore & nearby,Town / Administrative area,servicing-areas/kilpennathur-catering.html
392,Thandarampattu,"Thandarampattu, Vellore, Tamil Nadu",Vellore & nearby,Locality / Village,servicing-areas/thandarampattu-catering.html
393,Polur Road,"Polur Road, Vellore, Tamil Nadu",Vellore & nearby,Road / Junction / Landmark,servicing-areas/polur-road-catering.html
394,Arani Road,"Arani Road, Vellore, Tamil Nadu",Vellore & nearby,Road / Junction / Landmark,servicing-areas/arani-road-catering.html
395,Chengam Road,"Chengam Road, Vellore, Tamil Nadu",Vellore & nearby,Road / Junction / Landmark,servicing-areas/chengam-road-catering.html
396,Palamaner Road,"Palamaner Road, Vellore, Tamil Nadu",Vellore & nearby,Road / Junction / Landmark,servicing-areas/palamaner-road-catering.html
397,Ambur Road,"Ambur Road, Vellore, Tamil Nadu",Vellore & nearby,Road / Junction / Landmark,servicing-areas/ambur-road-catering.html
398,Vaniyambadi Road,"Vaniyambadi Road, Vellore, Tamil Nadu",Vellore & nearby,Road / Junction / Landmark,servicing-areas/vaniyambadi-road-catering.html
399,Tirupattur Road,"Tirupattur Road, Vellore, Tamil Nadu",Vellore & nearby,Road / Junction / Landmark,servicing-areas/tirupattur-road-catering.html
400,Chennai Road,"Chennai Road, Vellore, Tamil Nadu",Vellore & nearby,Road / Junction / Landmark,servicing-areas/chennai-road-catering.html
401,Ranipet Road,"Ranipet Road, Vellore, Tamil Nadu",Vellore & nearby,Road / Junction / Landmark,servicing-areas/ranipet-road-catering.html
402,Arcot Road,"Arcot Road, Vellore, Tamil Nadu",Vellore & nearby,Road / Junction / Landmark,servicing-areas/arcot-road-catering.html
403,Arakkonam Road,"Arakkonam Road, Vellore, Tamil Nadu",Vellore & nearby,Road / Junction / Landmark,servicing-areas/arakkonam-road-catering.html
404,Madhanur Road,"Madhanur Road, Vellore, Tamil Nadu",Vellore & nearby,Road / Junction / Landmark,servicing-areas/madhanur-road-catering.html
405,Jolarpet Road,"Jolarpet Road, Vellore, Tamil Nadu",Vellore & nearby,Road / Junction / Landmark,servicing-areas/jolarpet-road-catering.html
406,Gudiyatham Bazaar,"Gudiyatham Bazaar, Vellore, Tamil Nadu",Vellore & nearby,Road / Junction / Landmark,servicing-areas/gudiyatham-bazaar-catering.html
407,Ambur Bazaar,"Ambur Bazaar, Vellore, Tamil Nadu",Vellore & nearby,Road / Junction / Landmark,servicing-areas/ambur-bazaar-catering.html
408,Vaniyambadi Bazaar,"Vaniyambadi Bazaar, Vellore, Tamil Nadu",Vellore & nearby,Road / Junction / Landmark,servicing-areas/vaniyambadi-bazaar-catering.html
409,Tirupattur Bazaar,"Tirupattur Bazaar, Vellore, Tamil Nadu",Vellore & nearby,Road / Junction / Landmark,servicing-areas/tirupattur-bazaar-catering.html
410,Ranipet Bazaar,"Ranipet Bazaar, Vellore, Tamil Nadu",Vellore & nearby,Road / Junction / Landmark,servicing-areas/ranipet-bazaar-catering.html
411,Arcot Bazaar,"Arcot Bazaar, Vellore, Tamil Nadu",Vellore & nearby,Road / Junction / Landmark,servicing-areas/arcot-bazaar-catering.html
412,Walajapet Bazaar,"Walajapet Bazaar, Vellore, Tamil Nadu",Vellore & nearby,Road / Junction / Landmark,servicing-areas/walajapet-bazaar-catering.html
413,Sholinghur Bazaar,"Sholinghur Bazaar, Vellore, Tamil Nadu",Vellore & nearby,Road / Junction / Landmark,servicing-areas/sholinghur-bazaar-catering.html
414,Arakkonam Bazaar,"Arakkonam Bazaar, Vellore, Tamil Nadu",Vellore & nearby,Road / Junction / Landmark,servicing-areas/arakkonam-bazaar-catering.html
415,Kaveripakkam Bazaar,"Kaveripakkam Bazaar, Vellore, Tamil Nadu",Vellore & nearby,Road / Junction / Landmark,servicing-areas/kaveripakkam-bazaar-catering.html
416,Nemili Bazaar,"Nemili Bazaar, Vellore, Tamil Nadu",Vellore & nearby,Road / Junction / Landmark,servicing-areas/nemili-bazaar-catering.html
417,Pernambut Bazaar,"Pernambut Bazaar, Vellore, Tamil Nadu",Vellore & nearby,Road / Junction / Landmark,servicing-areas/pernambut-bazaar-catering.html
418,KV Kuppam Bazaar,"KV Kuppam Bazaar, Vellore, Tamil Nadu",Vellore & nearby,Road / Junction / Landmark,servicing-areas/kv-kuppam-bazaar-catering.html
419,Pallikonda Bazaar,"Pallikonda Bazaar, Vellore, Tamil Nadu",Vellore & nearby,Road / Junction / Landmark,servicing-areas/pallikonda-bazaar-catering.html
420,Katpadi Bazaar,"Katpadi Bazaar, Vellore, Tamil Nadu",Vellore & nearby,Road / Junction / Landmark,servicing-areas/katpadi-bazaar-catering.html
421,Thiruvalam Bazaar,"Thiruvalam Bazaar, Vellore, Tamil Nadu",Vellore & nearby,Road / Junction / Landmark,servicing-areas/thiruvalam-bazaar-catering.html
422,Ponnai Bazaar,"Ponnai Bazaar, Vellore, Tamil Nadu",Vellore & nearby,Road / Junction / Landmark,servicing-areas/ponnai-bazaar-catering.html
423,Anaicut Bazaar,"Anaicut Bazaar, Vellore, Tamil Nadu",Vellore & nearby,Road / Junction / Landmark,servicing-areas/anaicut-bazaar-catering.html
424,Odugathur Bazaar,"Odugathur Bazaar, Vellore, Tamil Nadu",Vellore & nearby,Road / Junction / Landmark,servicing-areas/odugathur-bazaar-catering.html
425,Pennathur Bazaar,"Pennathur Bazaar, Vellore, Tamil Nadu",Vellore & nearby,Road / Junction / Landmark,servicing-areas/pennathur-bazaar-catering.html
426,Anaikattu Bazaar,"Anaikattu Bazaar, Vellore, Tamil Nadu",Vellore & nearby,Road / Junction / Landmark,servicing-areas/anaikattu-bazaar-catering.html
427,Kaniyambadi Bazaar,"Kaniyambadi Bazaar, Vellore, Tamil Nadu",Vellore & nearby,Road / Junction / Landmark,servicing-areas/kaniyambadi-bazaar-catering.html
428,Adukkamparai Junction,"Adukkamparai Junction, Vellore, Tamil Nadu",Vellore & nearby,Road / Junction / Landmark,servicing-areas/adukkamparai-junction-catering.html
429,Ariyur Junction,"Ariyur Junction, Vellore, Tamil Nadu",Vellore & nearby,Road / Junction / Landmark,servicing-areas/ariyur-junction-catering.html
430,Pallikonda Junction,"Pallikonda Junction, Vellore, Tamil Nadu",Vellore & nearby,Road / Junction / Landmark,servicing-areas/pallikonda-junction-catering.html
431,Pennathur Junction,"Pennathur Junction, Vellore, Tamil Nadu",Vellore & nearby,Road / Junction / Landmark,servicing-areas/pennathur-junction-catering.html
432,Thiruvalam Junction,"Thiruvalam Junction, Vellore, Tamil Nadu",Vellore & nearby,Road / Junction / Landmark,servicing-areas/thiruvalam-junction-catering.html
433,Ponnai Junction,"Ponnai Junction, Vellore, Tamil Nadu",Vellore & nearby,Road / Junction / Landmark,servicing-areas/ponnai-junction-catering.html
434,Madhanur Junction,"Madhanur Junction, Vellore, Tamil Nadu",Vellore & nearby,Road / Junction / Landmark,servicing-areas/madhanur-junction-catering.html
435,Ambur Junction,"Ambur Junction, Vellore, Tamil Nadu",Vellore & nearby,Road / Junction / Landmark,servicing-areas/ambur-junction-catering.html
436,Vaniyambadi Junction,"Vaniyambadi Junction, Vellore, Tamil Nadu",Vellore & nearby,Road / Junction / Landmark,servicing-areas/vaniyambadi-junction-catering.html
437,Jolarpet Junction,"Jolarpet Junction, Vellore, Tamil Nadu",Vellore & nearby,Road / Junction / Landmark,servicing-areas/jolarpet-junction-catering.html
438,Tirupattur Junction,"Tirupattur Junction, Vellore, Tamil Nadu",Vellore & nearby,Road / Junction / Landmark,servicing-areas/tirupattur-junction-catering.html
439,Ranipet Junction,"Ranipet Junction, Vellore, Tamil Nadu",Vellore & nearby,Road / Junction / Landmark,servicing-areas/ranipet-junction-catering.html
440,Walajapet Junction,"Walajapet Junction, Vellore, Tamil Nadu",Vellore & nearby,Road / Junction / Landmark,servicing-areas/walajapet-junction-catering.html
441,Arcot Junction,"Arcot Junction, Vellore, Tamil Nadu",Vellore & nearby,Road / Junction / Landmark,servicing-areas/arcot-junction-catering.html
442,Arakkonam Junction,"Arakkonam Junction, Vellore, Tamil Nadu",Vellore & nearby,Road / Junction / Landmark,servicing-areas/arakkonam-junction-catering.html
443,Kaveripakkam Junction,"Kaveripakkam Junction, Vellore, Tamil Nadu",Vellore & nearby,Road / Junction / Landmark,servicing-areas/kaveripakkam-junction-catering.html
444,Sholinghur Junction,"Sholinghur Junction, Vellore, Tamil Nadu",Vellore & nearby,Road / Junction / Landmark,servicing-areas/sholinghur-junction-catering.html
445,Nemili Junction,"Nemili Junction, Vellore, Tamil Nadu",Vellore & nearby,Road / Junction / Landmark,servicing-areas/nemili-junction-catering.html
446,Gudiyatham Junction,"Gudiyatham Junction, Vellore, Tamil Nadu",Vellore & nearby,Road / Junction / Landmark,servicing-areas/gudiyatham-junction-catering.html
447,Pernambut Junction,"Pernambut Junction, Vellore, Tamil Nadu",Vellore & nearby,Road / Junction / Landmark,servicing-areas/pernambut-junction-catering.html
448,KV Kuppam Junction,"KV Kuppam Junction, Vellore, Tamil Nadu",Vellore & nearby,Road / Junction / Landmark,servicing-areas/kv-kuppam-junction-catering.html
449,Anaicut Junction,"Anaicut Junction, Vellore, Tamil Nadu",Vellore & nearby,Road / Junction / Landmark,servicing-areas/anaicut-junction-catering.html
450,Odugathur Junction,"Odugathur Junction, Vellore, Tamil Nadu",Vellore & nearby,Road / Junction / Landmark,servicing-areas/odugathur-junction-catering.html
451,Kaniyambadi Junction,"Kaniyambadi Junction, Vellore, Tamil Nadu",Vellore & nearby,Road / Junction / Landmark,servicing-areas/kaniyambadi-junction-catering.html
452,Sathuvachari Junction,"Sathuvachari Junction, Vellore, Tamil Nadu",Vellore & nearby,Road / Junction / Landmark,servicing-areas/sathuvachari-junction-catering.html
453,Bagayam Junction,"Bagayam Junction, Vellore, Tamil Nadu",Vellore & nearby,Road / Junction / Landmark,servicing-areas/bagayam-junction-catering.html
454,Vellore Fort Junction,"Vellore Fort Junction, Vellore, Tamil Nadu",Vellore & nearby,Road / Junction / Landmark,servicing-areas/vellore-fort-junction-catering.html
455,Green Circle Vellore,"Green Circle Vellore, Vellore, Tamil Nadu",Vellore & nearby,Road / Junction / Landmark,servicing-areas/green-circle-vellore-catering.html
456,Old Bus Stand Vellore,"Old Bus Stand Vellore, Vellore, Tamil Nadu",Vellore & nearby,Road / Junction / Landmark,servicing-areas/old-bus-stand-vellore-catering.html
457,New Bus Stand Vellore,"New Bus Stand Vellore, Vellore, Tamil Nadu",Vellore & nearby,Road / Junction / Landmark,servicing-areas/new-bus-stand-vellore-catering.html
458,Katpadi CMC Road,"Katpadi CMC Road, Vellore, Tamil Nadu",Vellore & nearby,Road / Junction / Landmark,servicing-areas/katpadi-cmc-road-catering.html
459,Thorapadi CMC Road,"Thorapadi CMC Road, Vellore, Tamil Nadu",Vellore & nearby,Road / Junction / Landmark,servicing-areas/thorapadi-cmc-road-catering.html
460,Sathuvachari Bus Stop,"Sathuvachari Bus Stop, Vellore, Tamil Nadu",Vellore & nearby,Locality / Village,servicing-areas/sathuvachari-bus-stop-catering.html
461,Katpadi Bus Stand,"Katpadi Bus Stand, Vellore, Tamil Nadu",Vellore & nearby,Road / Junction / Landmark,servicing-areas/katpadi-bus-stand-catering.html
462,Gudiyatham Bus Stand,"Gudiyatham Bus Stand, Vellore, Tamil Nadu",Vellore & nearby,Road / Junction / Landmark,servicing-areas/gudiyatham-bus-stand-catering.html
463,Ambur Bus Stand,"Ambur Bus Stand, Vellore, Tamil Nadu",Vellore & nearby,Road / Junction / Landmark,servicing-areas/ambur-bus-stand-catering.html
464,Vaniyambadi Bus Stand,"Vaniyambadi Bus Stand, Vellore, Tamil Nadu",Vellore & nearby,Road / Junction / Landmark,servicing-areas/vaniyambadi-bus-stand-catering.html
465,Tirupattur Bus Stand,"Tirupattur Bus Stand, Vellore, Tamil Nadu",Vellore & nearby,Road / Junction / Landmark,servicing-areas/tirupattur-bus-stand-catering.html
466,Ranipet Bus Stand,"Ranipet Bus Stand, Vellore, Tamil Nadu",Vellore & nearby,Road / Junction / Landmark,servicing-areas/ranipet-bus-stand-catering.html
467,Arcot Bus Stand,"Arcot Bus Stand, Vellore, Tamil Nadu",Vellore & nearby,Road / Junction / Landmark,servicing-areas/arcot-bus-stand-catering.html
468,Walajapet Bus Stand,"Walajapet Bus Stand, Vellore, Tamil Nadu",Vellore & nearby,Road / Junction / Landmark,servicing-areas/walajapet-bus-stand-catering.html
469,Arakkonam Bus Stand,"Arakkonam Bus Stand, Vellore, Tamil Nadu",Vellore & nearby,Road / Junction / Landmark,servicing-areas/arakkonam-bus-stand-catering.html
470,Sholinghur Bus Stand,"Sholinghur Bus Stand, Vellore, Tamil Nadu",Vellore & nearby,Road / Junction / Landmark,servicing-areas/sholinghur-bus-stand-catering.html
471,Pernambut Bus Stand,"Pernambut Bus Stand, Vellore, Tamil Nadu",Vellore & nearby,Road / Junction / Landmark,servicing-areas/pernambut-bus-stand-catering.html
472,KV Kuppam Bus Stand,"KV Kuppam Bus Stand, Vellore, Tamil Nadu",Vellore & nearby,Road / Junction / Landmark,servicing-areas/kv-kuppam-bus-stand-catering.html
473,Pallikonda Bus Stand,"Pallikonda Bus Stand, Vellore, Tamil Nadu",Vellore & nearby,Road / Junction / Landmark,servicing-areas/pallikonda-bus-stand-catering.html
474,Pennathur Bus Stand,"Pennathur Bus Stand, Vellore, Tamil Nadu",Vellore & nearby,Road / Junction / Landmark,servicing-areas/pennathur-bus-stand-catering.html
475,Odugathur Bus Stand,"Odugathur Bus Stand, Vellore, Tamil Nadu",Vellore & nearby,Road / Junction / Landmark,servicing-areas/odugathur-bus-stand-catering.html
476,Thiruvalam Bus Stand,"Thiruvalam Bus Stand, Vellore, Tamil Nadu",Vellore & nearby,Road / Junction / Landmark,servicing-areas/thiruvalam-bus-stand-catering.html
477,Ponnai Bus Stand,"Ponnai Bus Stand, Vellore, Tamil Nadu",Vellore & nearby,Road / Junction / Landmark,servicing-areas/ponnai-bus-stand-catering.html
478,Nemili Bus Stand,"Nemili Bus Stand, Vellore, Tamil Nadu",Vellore & nearby,Road / Junction / Landmark,servicing-areas/nemili-bus-stand-catering.html
479,Kaveripakkam Bus Stand,"Kaveripakkam Bus Stand, Vellore, Tamil Nadu",Vellore & nearby,Road / Junction / Landmark,servicing-areas/kaveripakkam-bus-stand-catering.html
480,Jolarpet Bus Stand,"Jolarpet Bus Stand, Vellore, Tamil Nadu",Vellore & nearby,Road / Junction / Landmark,servicing-areas/jolarpet-bus-stand-catering.html
481,Madhanur Bus Stand,"Madhanur Bus Stand, Vellore, Tamil Nadu",Vellore & nearby,Road / Junction / Landmark,servicing-areas/madhanur-bus-stand-catering.html
482,Rathnagiri,"Rathnagiri, Vellore, Tamil Nadu",Vellore & nearby,Locality / Village,servicing-areas/rathnagiri-catering.html
483,Kailasagiri,"Kailasagiri, Vellore, Tamil Nadu",Vellore & nearby,Locality / Village,servicing-areas/kailasagiri-catering.html
484,Vellore R.F.,"Vellore R.F., Vellore, Tamil Nadu",Vellore & nearby,Forest / Census locality,servicing-areas/vellore-r-f-catering.html
485,Arasampattu R.F.,"Arasampattu R.F., Vellore, Tamil Nadu",Vellore & nearby,Forest / Census locality,servicing-areas/arasampattu-r-f-catering.html
486,Karuthamalai R.F.,"Karuthamalai R.F., Vellore, Tamil Nadu",Vellore & nearby,Forest / Census locality,servicing-areas/karuthamalai-r-f-catering.html
487,Palamadai R.F.,"Palamadai R.F., Vellore, Tamil Nadu",Vellore & nearby,Forest / Census locality,servicing-areas/palamadai-r-f-catering.html
488,Puthur R.F.,"Puthur R.F., Vellore, Tamil Nadu",Vellore & nearby,Forest / Census locality,servicing-areas/puthur-r-f-catering.html
489,Paravamalai R.F.,"Paravamalai R.F., Vellore, Tamil Nadu",Vellore & nearby,Forest / Census locality,servicing-areas/paravamalai-r-f-catering.html
490,Pallikonda R.F.,"Pallikonda R.F., Vellore, Tamil Nadu",Vellore & nearby,Forest / Census locality,servicing-areas/pallikonda-r-f-catering.html
491,Nallimalai R.F.,"Nallimalai R.F., Vellore, Tamil Nadu",Vellore & nearby,Forest / Census locality,servicing-areas/nallimalai-r-f-catering.html
492,Athiyur R.F.,"Athiyur R.F., Vellore, Tamil Nadu",Vellore & nearby,Forest / Census locality,servicing-areas/athiyur-r-f-catering.html
493,Appukal R.F.,"Appukal R.F., Vellore, Tamil Nadu",Vellore & nearby,Forest / Census locality,servicing-areas/appukal-r-f-catering.html
494,Kaniyambadi R.F.,"Kaniyambadi R.F., Vellore, Tamil Nadu",Vellore & nearby,Forest / Census locality,servicing-areas/kaniyambadi-r-f-catering.html
495,Thellai R.F.,"Thellai R.F., Vellore, Tamil Nadu",Vellore & nearby,Forest / Census locality,servicing-areas/thellai-r-f-catering.html
496,Ammundi R.F.,"Ammundi R.F., Vellore, Tamil Nadu",Vellore & nearby,Forest / Census locality,servicing-areas/ammundi-r-f-catering.html
497,Bomminayakkanpalayam R.F.,"Bomminayakkanpalayam R.F., Vellore, Tamil Nadu",Vellore & nearby,Forest / Census locality,servicing-areas/bomminayakkanpalayam-r-f-catering.html
498,Chenji R.F.,"Chenji R.F., Vellore, Tamil Nadu",Vellore & nearby,Forest / Census locality,servicing-areas/chenji-r-f-catering.html
499,Pallalakuppam R.F.,"Pallalakuppam R.F., Vellore, Tamil Nadu",Vellore & nearby,Forest / Census locality,servicing-areas/pallalakuppam-r-f-catering.html
500,Karapattu R.F.,"Karapattu R.F., Vellore, Tamil Nadu",Vellore & nearby,Forest / Census locality,servicing-areas/karapattu-r-f-catering.html
501,Veerasettipalli R.F.,"Veerasettipalli R.F., Vellore, Tamil Nadu",Vellore & nearby,Forest / Census locality,servicing-areas/veerasettipalli-r-f-catering.html
502,Arasampattu,"Arasampattu, Vellore, Tamil Nadu",Vellore & nearby,Locality / Village,servicing-areas/arasampattu-catering.html
503,Karuthamalai,"Karuthamalai, Vellore, Tamil Nadu",Vellore & nearby,Locality / Village,servicing-areas/karuthamalai-catering.html
504,Palamadai,"Palamadai, Vellore, Tamil Nadu",Vellore & nearby,Locality / Village,servicing-areas/palamadai-catering.html
505,Puthur,"Puthur, Vellore, Tamil Nadu",Vellore & nearby,Locality / Village,servicing-areas/puthur-catering.html
506,Paravamalai,"Paravamalai, Vellore, Tamil Nadu",Vellore & nearby,Locality / Village,servicing-areas/paravamalai-catering.html
